id;data_inversa;dia_semana;horario;uf;br;km;municipio;causa_acidente;tipo_acidente;classificacao_acidente;fase_dia;sentido_via;condicao_metereologica;tipo_pista;tracado_via;uso_solo;pessoas;mortos;feridos_leves;feridos_graves;feridos;ilesos;ignorados;veiculos;latitude;longitude;regional;delegacia;uop;;;
744031;06/01/2026;terça-feira;14:00:00;SE;101;87,5;NOSSA SENHORA DO SOCORRO;Ausência de reação do condutor;Colisão traseira;Sem Vítimas;Pleno dia;Crescente;Céu Claro;Dupla;Reta;Em Obras;Aclive;Sim;4;0;0;0;0;4;0;3;-10,86770837;-37,13475164;SPRF-SE;DEL01-SE;UOP01-DEL01-SE;
744033;06/01/2026;terça-feira;13:50:00;GO;40;69;CRISTALINA;Acostamento em desnível;Tombamento;Com Vítimas Feridas;Pleno dia;Decrescente;Chuva;Simples;Declive;Reta;Não;2;0;2;0;2;0;0;1;-16,69565206;-47,69541532;SPRF-DF;DEL01-DF;UOP02-DEL01-DF;;
744036;06/01/2026;terça-feira;10:30:00;PR;376;341,9;ORTIGUEIRA;Velocidade Incompatível;Tombamento;Com Vítimas Feridas;Pleno dia;Decrescente;Céu Claro;Simples;Declive;Curva;Não;5;0;2;0;2;2;0;5;-24,172148;-50,96713;SPRF-PR;DEL07/PR;UOP02-DEL07-PR;;
744046;06/01/2026;terça-feira;11:30:00;CE;222;40,3;CAUCAIA;Transitar na contramão;Colisão frontal;Com Vítimas Fatais;Pleno dia;Decrescente;Céu Claro;Simples;Reta;Sim;3;1;0;0;0;1;0;3;-3,685795;-38,911389;SPRF-CE;DEL01/CE;UOP03-DEL01-CE;;;
744047;06/01/2026;terça-feira;15:40:00;RJ;101;27;CAMPOS DOS GOYTACAZES;Condutor deixou de manter distância do veículo da frente;Engavetamento;Com Vítimas Feridas;Pleno dia;Crescente;Chuva;Simples;Reta;Não;9;0;1;0;1;8;0;3;-21,44754381;-41,34323641;SPRF-RJ;DEL08/RJ;UOP01-DEL08-RJ;;;
744048;06/01/2026;terça-feira;15:30:00;RJ;101;487;ANGRA DOS REIS;Acessar a via sem observar a presença dos outros veículos;Colisão com objeto;Com Vítimas Feridas;Pleno dia;Decrescente;Nublado;Simples;Reta;Retorno Regulamentado;Sim;4;0;1;0;1;2;0;3;-22,9571288;-44,2999649;SPRF-RJ;DEL03/RJ;UOP03-DEL03-RJ;;
744049;06/01/2026;terça-feira;16:45:00;PI;343;18,7;PARNAIBA;Acessar a via sem observar a presença dos outros veículos;Colisão lateral mesmo sentido;Com Vítimas Feridas;Pleno dia;Crescente;Céu Claro;Simples;Reta;Sim;3;0;1;0;1;2;0;2;-3,0982259;-41,7802783;SPRF-PI;DEL05-PI;UOP01-DEL05-PI;;;
744054;06/01/2026;terça-feira;10:40:00;MG;262;22,4;REDUTO;Reação tardia ou ineficiente do condutor;Colisão traseira;Com Vítimas Feridas;Pleno dia;Decrescente;Chuva;Simples;Reta;Aclive;Não;2;0;1;0;1;0;0;2;-20,24782796;-41,92691445;SPRF-MG;DEL06/MG;UOP03-DEL06-MG;;
744055;06/01/2026;terça-feira;15:27:00;TO;153;230;COLINAS DO TOCANTINS;Reação tardia ou ineficiente do condutor;Colisão frontal;Com Vítimas Feridas;Pleno dia;Decrescente;Sol;Simples;Reta;Não;2;0;1;0;1;1;0;2;-7,99597123;-48,46476853;SPRF-TO;DEL02-TO;UOP01-DEL02-TO;;;
744056;06/01/2026;terça-feira;07:30:00;PR;272;366,4;CAMPO MOURAO;Acessar a via sem observar a presença dos outros veículos;Colisão transversal;Com Vítimas Feridas;Pleno dia;Crescente;Céu Claro;Simples;Rotatória;Sim;3;0;0;1;1;1;0;3;-24,0468951;-52,39406705;SPRF-PR;DEL09/PR;UOP03-DEL09-PR;;;
744067;06/01/2026;terça-feira;15:30:00;MG;365;418,5;PATOS DE MINAS;Curva acentuada;Colisão lateral sentido oposto;Com Vítimas Fatais;Pleno dia;Crescente;Chuva;Simples;Curva;Não;2;1;0;0;0;1;0;2;-18,68359188;-46,57634318;SPRF-MG;DEL10/MG;UOP01-DEL10-MG;;;
744069;06/01/2026;terça-feira;18:00:00;SC;153;80;IRANI;Demais falhas mecânicas ou elétricas;Incêndio;Sem Vítimas;Pleno dia;Decrescente;Céu Claro;Dupla;Curva;Não;1;0;0;0;0;1;0;1;-27,1301309;-51,9150611;SPRF-SC;DEL07/SC;UOP04-DEL07-SC;;;
744077;06/01/2026;terça-feira;19:10:00;GO;414;388;CORUMBA DE GOIAS;Demais falhas mecânicas ou elétricas;Colisão com objeto;Com Vítimas Feridas;Plena Noite;Crescente;Céu Claro;Simples;Curva;Não;1;0;1;0;1;0;0;1;-15,90418842;-48,80054379;SPRF-GO;DEL02/GO;UOP01-DEL02-GO;;;
744098;06/01/2026;terça-feira;08:00:00;MG;50;17;ARAGUARI;Chuva;Saída de leito carroçável;Com Vítimas Feridas;Pleno dia;Crescente;Chuva;Dupla;Curva;Não;3;0;0;1;1;1;0;4;-18,565006;-48,056689;SPRF-MG;DEL15/MG;UOP02-DEL15-MG;;;
744099;06/01/2026;terça-feira;21:15:00;MG;153;27;CENTRALINA;Reação tardia ou ineficiente do condutor;Colisão traseira;Com Vítimas Feridas;Plena Noite;Decrescente;Nublado;Dupla;Reta;Não;4;0;3;0;3;0;0;2;-18,652008;-49,171789;SPRF-MG;DEL15/MG;UOP03-DEL15-MG;;;
744100;06/01/2026;terça-feira;22:45:00;MG;116;757,7;LEOPOLDINA;Demais falhas mecânicas ou elétricas;Incêndio;Sem Vítimas;Plena Noite;Decrescente;Céu Claro;Simples;Reta;Não;2;0;0;0;0;2;0;1;-21,5012689;-42,5965067;SPRF-MG;DEL07/MG;UOP01-DEL07-MG;;;
744101;06/01/2026;terça-feira;23:43:00;SP;116;398;MIRACATU;Velocidade Incompatível;Colisão traseira;Com Vítimas Feridas;Plena Noite;Crescente;Nublado;Dupla;Reta;Sim;3;0;1;0;1;1;0;3;-24,31125374;-47,51037598;SPRF-SP;DEL04/SP;UOP02-DEL04-SP;;;
744102;06/01/2026;terça-feira;23:45:00;MG;354;732,3;POUSO ALTO;Ingestão de álcool pelo condutor;Colisão frontal;Sem Vítimas;Plena Noite;Decrescente;Nublado;Simples;Aclive;Curva;Não;4;0;0;0;0;2;0;3;-22,1671773;-44,9651619;SPRF-MG;DEL17/MG;UOP01-DEL17-MG;;
744105;06/01/2026;terça-feira;23:00:00;RO;364;649;CANDEIAS DO JAMARI;Reação tardia ou ineficiente do condutor;Saída de leito carroçável;Com Vítimas Feridas;Plena Noite;Decrescente;Céu Claro;Simples;Aclive;Reta;Não;2;0;0;1;1;0;0;2;-8,93170181;-63,43252659;SPRF-RO;DEL01-RO;UOP04-DEL01-RO;;
744108;07/01/2026;quarta-feira;03:00:00;MG;381;356;SAO GONCALO DO RIO ABAIXO;Velocidade Incompatível;Tombamento;Com Vítimas Feridas;Plena Noite;Crescente;Garoa/Chuvisco;Simples;Declive;Curva;Não;1;0;1;0;1;0;0;1;-19,85456068;-43,22536469;SPRF-MG;DEL03/MG;UOP01-DEL03-MG;;
744110;07/01/2026;quarta-feira;01:54:00;PI;316;72,3;MONSENHOR GIL;Velocidade Incompatível;Tombamento;Com Vítimas Feridas;Plena Noite;Decrescente;Céu Claro;Simples;Curva;Não;1;0;1;0;1;0;0;1;-5,6514776;-42,5919796;SPRF-PI;DEL01-PI;UOP02-DEL01-PI;;;
744113;07/01/2026;quarta-feira;04:50:00;MG;40;34;PARACATU;Pista Escorregadia;Tombamento;Com Vítimas Feridas;Amanhecer;Crescente;Nevoeiro/Neblina;Simples;Curva;Não;1;0;1;0;1;0;0;1;-17,193;-46,922;SPRF-MG;DEL14/MG;UOP01-DEL14-MG;;;
744116;06/01/2026;terça-feira;21:50:00;MG;153;43;CANAPOLIS;Reação tardia ou ineficiente do condutor;Colisão lateral mesmo sentido;Sem Vítimas;Plena Noite;Decrescente;Céu Claro;Dupla;Reta;Não;3;0;0;0;0;2;0;4;-18,78907378;-49,08433914;SPRF-MG;DEL15/MG;UOP03-DEL15-MG;;;
744117;07/01/2026;quarta-feira;02:30:00;MT;364;456;VARZEA GRANDE;Pedestre andava na pista;Atropelamento de Pedestre;Com Vítimas Fatais;Plena Noite;Decrescente;Céu Claro;Simples;Reta;Não;3;1;0;0;0;1;0;3;-15,495025;-56,276383;SPRF-MT;DEL01/MT;UOP02-DEL01-MT;;;
744123;06/01/2026;terça-feira;21:50:00;SP;116;560;BARRA DO TURVO;Ausência de reação do condutor;Tombamento;Com Vítimas Feridas;Plena Noite;Crescente;Chuva;Simples;Curva;Não;2;0;1;0;1;0;0;2;-24,98730278;-48,50738525;SPRF-SP;DEL05/SP;UOP02-DEL05-SP;;;
744125;07/01/2026;quarta-feira;06:00:00;GO;153;241,8;SAO LUIZ DO NORTE;Desrespeitar a preferência no cruzamento;Colisão transversal;Com Vítimas Feridas;Amanhecer;Decrescente;Chuva;Simples;Aclive;Interseção de Vias;Curva;Rotatória;Sim;7;0;2;0;2;5;0;2;-14,863086;-49,326627;SPRF-GO;DEL07/GO;UOP02-DEL07-GO
744126;07/01/2026;quarta-feira;06:50:00;MG;381;561;ITAGUARA;Velocidade Incompatível;Colisão com objeto;Com Vítimas Feridas;Pleno dia;Crescente;Garoa/Chuvisco;Dupla;Curva;Não;2;0;0;1;1;0;0;2;-20,33849049;-44,44212198;SPRF-MG;DEL04/MG;UOP03-DEL04-MG;;;
744127;06/01/2026;terça-feira;21:30:00;SP;116;513;CAJATI;Reação tardia ou ineficiente do condutor;Colisão traseira;Com Vítimas Feridas;Plena Noite;Decrescente;Garoa/Chuvisco;Simples;Curva;Não;4;0;1;0;1;2;0;5;-24,85368261;-48,21002126;SPRF-SP;DEL05/SP;UOP02-DEL05-SP;;;
744129;07/01/2026;quarta-feira;07:15:00;BA;324;623;SALVADOR;Reação tardia ou ineficiente do condutor;Colisão traseira;Com Vítimas Feridas;Pleno dia;Crescente;Céu Claro;Múltipla;Reta;Sim;8;0;3;0;3;5;0;3;-12,949899;-38,470451;SPRF-BA;DEL01/BA;UOP01-DEL01-BA;;;
744130;07/01/2026;quarta-feira;04:30:00;RJ;101;142;CARAPEBUS;Ausência de sinalização;Colisão traseira;Sem Vítimas;Amanhecer;Crescente;Nublado;Dupla;Reta;Não;10;0;0;0;0;9;0;6;-22,19503441;-41,74942017;SPRF-RJ;DEL08/RJ;UOP04-DEL08-RJ;;;
744139;07/01/2026;quarta-feira;07:30:00;RJ;101;268,6;RIO BONITO;Manobra de mudança de faixa;Colisão lateral mesmo sentido;Sem Vítimas;Pleno dia;Decrescente;Nublado;Dupla;Reta;Não;6;0;0;0;0;5;0;3;-22,7124034;-42,6743235;SPRF-RJ;DEL02/RJ;UOP03-DEL02-RJ;;;
744143;07/01/2026;quarta-feira;06:20:00;MT;364;338;SANTO ANTONIO DO LEVERGER;Reação tardia ou ineficiente do condutor;Colisão traseira;Com Vítimas Feridas;Pleno dia;Decrescente;Céu Claro;Dupla;Reta;Não;2;0;1;0;1;0;0;2;-15,83278019;-55,46750167;SPRF-MT;DEL05/MT;UOP02-DEL05-MT;;;
744147;07/01/2026;quarta-feira;05:30:00;GO;153;26;PORANGATU;Pista Escorregadia;Colisão frontal;Com Vítimas Feridas;Amanhecer;Crescente;Chuva;Simples;Reta;Declive;Não;3;0;2;0;2;1;0;2;-13,06645313;-49,18285847;SPRF-GO;DEL07/GO;UOP01-DEL07-GO;;
744149;07/01/2026;quarta-feira;09:40:00;RN;101;76,3;NATAL;Demais Fenômenos da natureza;Colisão com objeto;Com Vítimas Feridas;Pleno dia;Crescente;Sol;Dupla;Reta;Não;3;0;2;0;2;1;0;2;-5,72664088;-35,28593397;SPRF-RN;DEL02-RN;UOP01-DEL02-RN;;;
744154;07/01/2026;quarta-feira;08:10:00;MG;40;685,8;RESSAQUINHA;Velocidade Incompatível;Tombamento;Com Vítimas Feridas;Pleno dia;Decrescente;Chuva;Simples;Curva;Não;4;0;2;0;2;2;0;4;-21,0882896;-43,77216908;SPRF-MG;DEL05/MG;UOP02-DEL05-MG;;;
744158;07/01/2026;quarta-feira;10:45:00;SC;101;163;TIJUCAS;Manobra de mudança de faixa;Tombamento;Com Vítimas Feridas;Pleno dia;Decrescente;Céu Claro;Múltipla;Reta;Sim;2;0;0;1;1;1;0;2;-27,24176677;-48,63091556;SPRF-SC;DEL04/SC;UOP03-DEL04-SC;;;
744160;07/01/2026;quarta-feira;06:40:00;PR;277;587,3;CASCAVEL;Manobra de mudança de faixa;Tombamento;Com Vítimas Feridas;Pleno dia;Crescente;Céu Claro;Dupla;Interseção de Vias;Sim;2;0;1;0;1;0;0;2;-24,964208;-53,40944;SPRF-PR;DEL04/PR;UOP01-DEL04-PR;;;
744161;07/01/2026;quarta-feira;11:15:00;SC;280;28,9;ARAQUARI;Trafegar com motocicleta (ou similar) entre as faixas;Colisão transversal;Com Vítimas Feridas;Pleno dia;Decrescente;Céu Claro;Simples;Reta;Sim;2;0;1;0;1;1;0;2;-26,40807204;-48,749578;SPRF-SC;DEL03/SC;UOP03-DEL03-SC;;;
744164;07/01/2026;quarta-feira;08:30:00;MT;364;116;PEDRA PRETA;Objeto estático sobre o leito carroçável;Colisão frontal;Com Vítimas Feridas;Pleno dia;Decrescente;Céu Claro;Simples;Aclive;Não;3;0;2;0;2;0;0;4;-16,82980526;-54,01591301;SPRF-MT;DEL02/MT;UOP02-DEL02-MT;;;
744168;07/01/2026;quarta-feira;10:24:00;PE;423;41,5;CACHOEIRINHA;Ausência de reação do condutor;Atropelamento de Pedestre;Com Vítimas Fatais;Pleno dia;Crescente;Céu Claro;Simples;Reta;Não;2;1;0;0;0;0;0;2;-8,5056;-36,249248;SPRF-PE;DEL03/PE;UOP01-DEL03-PE;;;
744170;07/01/2026;quarta-feira;10:00:00;PR;476;210;LAPA;Demais falhas mecânicas ou elétricas;Incêndio;Sem Vítimas;Pleno dia;Crescente;Céu Claro;Simples;Reta;Não;2;0;0;0;0;1;0;2;-25,78408223;-49,85547352;SPRF-PR;DEL01/PR;UOP06-DEL01-PR;;;
744171;07/01/2026;quarta-feira;11:50:00;SP;116;283;EMBU DAS ARTES;Manobra de mudança de faixa;Colisão lateral mesmo sentido;Com Vítimas Feridas;Pleno dia;Decrescente;Céu Claro;Dupla;Reta;Sim;5;0;2;0;2;2;0;5;-23,67215439;-46,8561919;SPRF-SP;DEL04/SP;UOP01-DEL04-SP;;;
744189;07/01/2026;quarta-feira;10:00:00;PR;153;177;VENTANIA;Frear bruscamente;Saída de leito carroçável;Com Vítimas Feridas;Pleno dia;Decrescente;Céu Claro;Simples;Reta;Não;2;0;0;1;1;0;0;3;-24,344;-50,30869;SPRF-PR;DEL03/PR;UOP02-DEL03-PR;;;
744199;07/01/2026;quarta-feira;04:30:00;MG;40;394,9;CURVELO;Ausência de reação do condutor;Colisão traseira;Com Vítimas Feridas;Plena Noite;Crescente;Céu Claro;Simples;Reta;Não;2;0;0;1;1;0;0;2;-18,989293;-44,662187;SPRF-MG;DEL02/MG;UOP01-DEL02-MG;;;
744200;07/01/2026;quarta-feira;14:30:00;ES;101;370,6;ANCHIETA;Reação tardia ou ineficiente do condutor;Colisão transversal;Com Vítimas Feridas;Pleno dia;Crescente;Céu Claro;Simples;Reta;Não;4;0;2;0;2;1;0;2;-20,770881;-40,76357961;SPRF-ES;DEL03-ES;UOP01-DEL03-ES;;;
744203;07/01/2026;quarta-feira;14:34:00;RS;386;286,2;SAO JOSE DO HERVAL;Transitar na contramão;Colisão frontal;Com Vítimas Feridas;Pleno dia;Decrescente;Sol;Simples;Reta;Não;6;0;3;1;4;1;0;3;-29,077263;-52,274768;SPRF-RS;DEL04/RS;UOP03-DEL04-RS;;;
744206;07/01/2026;quarta-feira;14:30:00;PR;153;25,5;JACAREZINHO;Reação tardia ou ineficiente do condutor;Saída de leito carroçável;Com Vítimas Feridas;Pleno dia;Decrescente;Céu Claro;Simples;Curva;Não;1;0;1;0;1;0;0;1;-23,20723237;-49,98629093;SPRF-PR;DEL07/PR;UOP04-DEL07-PR;;;
744214;06/01/2026;terça-feira;22:30:00;PA;222;69,9;DOM ELISEU;Reação tardia ou ineficiente do condutor;Saída de leito carroçável;Com Vítimas Feridas;Plena Noite;Decrescente;Chuva;Simples;Declive;Curva;Não;4;0;3;0;3;0;0;2;-4,56222233;-47,83481598;SPRF-PA;DEL02/PA;UOP02-DEL02-PA;;
744219;07/01/2026;quarta-feira;15:45:00;TO;226;21;PALMEIRAS DO TOCANTINS;Demais Fenômenos da natureza;Colisão com objeto;Com Vítimas Feridas;Pleno dia;Crescente;Chuva;Simples;Reta;Não;2;0;1;0;1;1;0;1;-6,633057;-47,626597;SPRF-TO;DEL02-TO;UOP03-DEL02-TO;;;
744224;07/01/2026;quarta-feira;15:45:00;PR;376;6,4;MARINGA;Avarias e/ou desgaste excessivo no pneu;Incêndio;Sem Vítimas;Pleno dia;Decrescente;Céu Claro;Dupla;Reta;Não;2;0;0;0;0;1;0;2;-23,37597059;-51,93943262;SPRF-PR;DEL09/PR;UOP01-DEL09-PR;;;
744226;07/01/2026;quarta-feira;17:00:00;PR;369;438;UBIRATA;Transitar na contramão;Colisão lateral sentido oposto;Com Vítimas Feridas;Pleno dia;Crescente;Céu Claro;Simples;Reta;Não;3;0;1;0;1;1;0;3;-24,55211977;-53,03031921;SPRF-PR;DEL04/PR;UOP03-DEL04-PR;;;
744247;07/01/2026;quarta-feira;18:15:00;RS;285;313,3;PASSO FUNDO;Demais falhas mecânicas ou elétricas;Incêndio;Sem Vítimas;Pleno dia;Decrescente;Céu Claro;Simples;Reta;Não;2;0;0;0;0;1;0;2;-28,24271;-52,56362;SPRF-RS;DEL08/RS;UOP03-DEL08-RS;;;
744248;07/01/2026;quarta-feira;16:30:00;PR;277;170,1;PALMEIRA;Ausência de reação do condutor;Colisão frontal;Com Vítimas Feridas;Pleno dia;Crescente;Chuva;Simples;Curva;Não;7;0;1;5;6;1;0;4;-25,45391581;-49,9438418;SPRF-PR;DEL01/PR;UOP07-DEL01-PR;;;
744249;07/01/2026;quarta-feira;16:30:00;MT;70;519;VARZEA GRANDE;Condutor deixou de manter distância do veículo da frente;Colisão traseira;Com Vítimas Feridas;Pleno dia;Crescente;Céu Claro;Simples;Reta;Aclive;Sim;2;0;0;1;1;1;0;2;-15,68915384;-56,16897583;SPRF-MT;DEL01/MT;UOP02-DEL01-MT;;
744254;07/01/2026;quarta-feira;19:19:00;ES;101;125,9;SOORETAMA;Condutor desrespeitou a iluminação vermelha do semáforo;Colisão transversal;Com Vítimas Feridas;Anoitecer;Crescente;Céu Claro;Múltipla;Retorno Regulamentado;Reta;Sim;3;0;0;1;1;1;0;3;-19,19335972;-40,09511445;SPRF-ES;DEL04-ES;UOP01-DEL04-ES;;
744265;07/01/2026;quarta-feira;15:40:00;BA;116;242;QUIJINGUE;Ausência de reação do condutor;Atropelamento de Pedestre;Com Vítimas Feridas;Pleno dia;Crescente;Céu Claro;Simples;Reta;Não;2;0;0;1;1;0;0;2;-10,70464;-38,92798;SPRF-BA;DEL07/BA;UOP03-DEL07-BA;;;
744267;07/01/2026;quarta-feira;20:42:00;GO;60;97,5;ANAPOLIS;Acessar a via sem observar a presença dos outros veículos;Colisão traseira;Com Vítimas Feridas;Plena Noite;Crescente;Chuva;Dupla;Retorno Regulamentado;Sim;3;0;0;1;1;1;0;4;-16,3811011;-48,9520706;SPRF-GO;DEL02/GO;UOP01-DEL02-GO;;;
744275;07/01/2026;quarta-feira;16:50:00;BA;242;758;CATOLANDIA;Ausência de reação do condutor;Colisão frontal;Com Vítimas Feridas;Pleno dia;Decrescente;Céu Claro;Simples;Reta;Não;5;0;1;0;1;3;0;7;-12,18618017;-44,51196671;SPRF-BA;DEL10/BA;UOP01-DEL10-BA;;;
744277;07/01/2026;quarta-feira;19:40:00;GO;40;156;CRISTALINA;Chuva;Saída de leito carroçável;Com Vítimas Feridas;Plena Noite;Crescente;Chuva;Simples;Curva;Não;1;0;0;1;1;0;0;1;-17,03454;-47,16914;SPRF-DF;DEL01-DF;UOP02-DEL01-DF;;;
744281;07/01/2026;quarta-feira;21:30:00;MS;163;0,3;MUNDO NOVO;Ausência de reação do condutor;Tombamento;Com Vítimas Feridas;Plena Noite;Decrescente;Céu Claro;Simples;Curva;Não;2;0;1;0;1;0;0;2;-24,042982;-54,27485;SPRF-MS;DEL09/MS;UOP02-DEL09-MS;;;
744287;07/01/2026;quarta-feira;22:40:00;MG;153;43;CANAPOLIS;Avarias e/ou desgaste excessivo no pneu;Incêndio;Sem Vítimas;Plena Noite;Decrescente;Nublado;Dupla;Reta;Não;2;0;0;0;0;1;0;2;-18,762615;-49,075045;SPRF-MG;DEL15/MG;UOP03-DEL15-MG;;;
744290;07/01/2026;quarta-feira;23:24:00;SE;101;195;CRISTINAPOLIS;Velocidade Incompatível;Tombamento;Com Vítimas Feridas;Plena Noite;Decrescente;Nublado;Simples;Curva;Não;1;0;1;0;1;0;0;1;-11,46021521;-37,7355051;SPRF-SE;DEL02-SE;UOP03-DEL02-SE;;;
744300;07/01/2026;quarta-feira;23:45:00;SC;116;156,2;SANTA CECILIA;Velocidade Incompatível;Saída de leito carroçável;Com Vítimas Feridas;Plena Noite;Decrescente;Nublado;Simples;Curva;Não;2;0;1;0;1;1;0;1;-27,081289;-50,43718;SPRF-SC;DEL06/SC;UOP02-DEL06-SC;;;
744301;08/01/2026;quinta-feira;02:00:00;SC;101;195;BIGUACU;Manobra de mudança de faixa;Colisão lateral mesmo sentido;Com Vítimas Feridas;Plena Noite;Crescente;Céu Claro;Dupla;Reta;Sim;3;0;1;0;1;0;0;3;-27,50385765;-48,65107346;SPRF-SC;DEL01/SC;UOP01-DEL01-SC;;;
744302;07/01/2026;quarta-feira;22:10:00;MT;364;139;PEDRA PRETA;Reação tardia ou ineficiente do condutor;Saída de leito carroçável;Com Vítimas Feridas;Plena Noite;Decrescente;Céu Claro;Simples;Curva;Não;2;0;1;0;1;0;0;2;-16,793093;-54,196687;SPRF-MT;DEL02/MT;UOP01-DEL02-MT;;;
744311;08/01/2026;quinta-feira;05:00:00;BA;101;24;ESPLANADA;Ausência de reação do condutor;Saída de leito carroçável;Sem Vítimas;Amanhecer;Decrescente;Nublado;Dupla;Declive;Em Obras;Desvio Temporário;Não;2;0;0;0;0;1;0;2;-11,69273;-37,90236;SPRF-SE;DEL02-SE;UOP03-DEL02-SE;
744315;08/01/2026;quinta-feira;06:00:00;MG;40;808,3;MATIAS BARBOSA;Reação tardia ou ineficiente do condutor;Colisão traseira;Com Vítimas Feridas;Amanhecer;Decrescente;Nevoeiro/Neblina;Dupla;Curva;Aclive;Não;2;0;0;1;1;1;0;2;-21,866492;-43,365569;SPRF-MG;DEL05/MG;UOP01-DEL05-MG;;
744317;08/01/2026;quinta-feira;06:02:00;ES;101;149,2;LINHARES;Condutor desrespeitou a iluminação vermelha do semáforo;Colisão transversal;Com Vítimas Feridas;Pleno dia;Decrescente;Céu Claro;Múltipla;Reta;Declive;Interseção de Vias;Sim;2;0;0;1;1;1;0;2;-19,3988301;-40,06276894;SPRF-ES;DEL04-ES;UOP01-DEL04-ES;
744320;08/01/2026;quinta-feira;05:30:00;SE;101;130;ITAPORANGA DAJUDA;Demais falhas mecânicas ou elétricas;Incêndio;Sem Vítimas;Amanhecer;Crescente;Chuva;Dupla;Reta;Não;2;0;0;0;0;1;0;2;-11,07561827;-37,36380101;SPRF-SE;DEL02-SE;UOP01-DEL02-SE;;;
744323;08/01/2026;quinta-feira;06:50:00;SP;116;550;BARRA DO TURVO;Reação tardia ou ineficiente do condutor;Tombamento;Com Vítimas Feridas;Pleno dia;Decrescente;Céu Claro;Simples;Curva;Aclive;Não;2;0;1;0;1;0;0;2;-24,96831883;-48,44970703;SPRF-SP;DEL05/SP;UOP02-DEL05-SP;;
744326;08/01/2026;quinta-feira;07:30:00;ES;101;167,4;LINHARES;Demais falhas mecânicas ou elétricas;Colisão com objeto;Sem Vítimas;Pleno dia;Crescente;Céu Claro;Simples;Reta;Sim;5;0;0;0;0;4;0;2;-19,53306245;-40,15637962;SPRF-ES;DEL04-ES;UOP01-DEL04-ES;;;
744331;08/01/2026;quinta-feira;06:34:00;MT;364;291;JACIARA;Manobra de mudança de faixa;Colisão lateral mesmo sentido;Com Vítimas Feridas;Pleno dia;Decrescente;Céu Claro;Dupla;Declive;Reta;Não;7;0;1;0;1;5;0;4;-15,892176;-55,103868;SPRF-MT;DEL05/MT;UOP02-DEL05-MT;;
744342;07/01/2026;quarta-feira;20:30:00;MA;222;313;VITORIA DO MEARIM;Ausência de sinalização;Saída de leito carroçável;Com Vítimas Feridas;Plena Noite;Decrescente;Nublado;Simples;Curva;Não;2;0;0;1;1;0;0;2;-3,5974;-44,996;SPRF-MA;DEL02-MA;UOP01-DEL02-MA;;;
744346;08/01/2026;quinta-feira;07:55:00;RS;470;226;GARIBALDI;Manobra de mudança de faixa;Colisão lateral mesmo sentido;Com Vítimas Feridas;Pleno dia;Decrescente;Céu Claro;Dupla;Reta;Sim;4;0;1;0;1;3;0;2;-29,25841092;-51,50918333;SPRF-RS;DEL06/RS;UOP01-DEL06-RS;;;
744347;08/01/2026;quinta-feira;06:40:00;RS;158;392;CACEQUI;Ausência de reação do condutor;Colisão traseira;Com Vítimas Feridas;Pleno dia;Decrescente;Céu Claro;Simples;Reta;Não;5;0;1;0;1;3;0;3;-29,934731;-54,360845;SPRF-RS;DEL11/RS;UOP02-DEL11-RS;;;
744355;08/01/2026;quinta-feira;09:30:00;RJ;116;118;MAGE;Velocidade Incompatível;Tombamento;Sem Vítimas;Pleno dia;Crescente;Nublado;Simples;Curva;Sim;2;0;0;0;0;1;0;2;-22,61336712;-43,0346489;SPRF-RJ;DEL04/RJ;UOP02-DEL04-RJ;;;
744357;08/01/2026;quinta-feira;08:25:00;RO;364;437;JARU;Manobra de mudança de faixa;Colisão lateral mesmo sentido;Com Vítimas Feridas;Pleno dia;Decrescente;Céu Claro;Simples;Aclive;Reta;Não;2;0;1;0;1;1;0;2;-10,37059035;-62,55992286;SPRF-RO;DEL03-RO;UOP02-DEL03-RO;;
744359;08/01/2026;quinta-feira;10:00:00;SC;101;165;TIJUCAS;Ausência de reação do condutor;Saída de leito carroçável;Com Vítimas Feridas;Pleno dia;Crescente;Céu Claro;Dupla;Reta;Sim;1;0;0;1;1;0;0;1;-27,25498679;-48,63152711;SPRF-SC;DEL04/SC;UOP03-DEL04-SC;;;
744363;08/01/2026;quinta-feira;10:15:00;PR;153;24,6;JACAREZINHO;Desrespeitar a preferência no cruzamento;Colisão transversal;Com Vítimas Feridas;Pleno dia;Crescente;Céu Claro;Simples;Interseção de Vias;Reta;Sim;3;0;1;0;1;1;0;3;-23,18940747;-49,98588173;SPRF-PR;DEL07/PR;UOP04-DEL07-PR;;
744364;08/01/2026;quinta-feira;09:43:00;RS;285;151,5;MUITOS CAPOES;Velocidade Incompatível;Tombamento;Com Vítimas Feridas;Pleno dia;Decrescente;Céu Claro;Simples;Declive;Curva;Não;2;0;1;0;1;0;0;2;-28,34075;-51,15307;SPRF-RS;DEL05/RS;UOP03-DEL05-RS;;
744367;08/01/2026;quinta-feira;08:40:00;PR;376;261;CALIFORNIA;Reação tardia ou ineficiente do condutor;Colisão lateral mesmo sentido;Com Vítimas Feridas;Pleno dia;Crescente;Céu Claro;Dupla;Reta;Aclive;Não;3;0;0;1;1;1;0;3;-23,704202;-51,32931;SPRF-PR;DEL07/PR;UOP03-DEL07-PR;;