id;data_inversa;dia_semana;horario;uf;br;km;municipio;causa_acidente;tipo_acidente;classificacao_acidente;fase_dia;sentido_via;condicao_metereologica;tipo_pista;tracado_via;uso_solo;pessoas;mortos;feridos_leves;feridos_graves;feridos;ilesos;ignorados;veiculos;latitude;longitude;regional;delegacia;uop;;;
744782;10/01/2026;sábado;11:00:00;MT;70;123;GENERAL CARNEIRO;Reação tardia ou ineficiente do condutor;Tombamento;Sem Vítimas;Pleno dia;Crescente;Garoa/Chuvisco;Simples;Aclive;Curva;Não;2;0;0;0;0;1;0;4;-15,57820738;-53,02824043;SPRF-MT;DEL07/MT;UOP01-DEL07-MT;;
744788;10/01/2026;sábado;14:00:00;SP;116;145,3;SAO JOSE DOS CAMPOS;Manobra de mudança de faixa;Colisão lateral mesmo sentido;Com Vítimas Feridas;Pleno dia;Decrescente;Céu Claro;Múltipla;Reta;Sim;3;0;0;1;1;1;0;3;-23,187328;-45,855377;SPRF-SP;DEL02/SP;UOP01-DEL02-SP;;;
744791;10/01/2026;sábado;13:40:00;PE;101;13;GOIANA;Ausência de reação do condutor;Colisão traseira;Com Vítimas Feridas;Pleno dia;Crescente;Céu Claro;Dupla;Reta;Não;2;0;1;0;1;1;0;2;-7,6058778;-34,97787666;SPRF-PE;DEL01/PE;UOP02-DEL01-PE;;;
744793;10/01/2026;sábado;14:25:00;PR;376;167;MARINGA;Reação tardia ou ineficiente do condutor;Colisão traseira;Com Vítimas Feridas;Pleno dia;Decrescente;Chuva;Dupla;Reta;Sim;3;0;1;0;1;1;0;3;-23,39009;-52,0148134;SPRF-PR;DEL09/PR;UOP01-DEL09-PR;;;
744795;10/01/2026;sábado;14:36:00;RJ;116;284,1;BARRA MANSA;Velocidade Incompatível;Engavetamento;Com Vítimas Feridas;Pleno dia;Decrescente;Sol;Dupla;Viaduto;Reta;Aclive;Não;5;0;1;0;1;3;0;4;-22,51363975;-44,21155608;SPRF-RJ;DEL07/RJ;UOP02-DEL07-RJ;
744796;10/01/2026;sábado;12:10:00;GO;60;38;GOIANIA;Velocidade Incompatível;Tombamento;Com Vítimas Feridas;Pleno dia;Decrescente;Céu Claro;Dupla;Rotatória;Sim;2;0;1;0;1;0;0;3;-16,75170615;-49,33959668;SPRF-GO;DEL01/GO;UOP02-DEL01-GO;;;
744801;10/01/2026;sábado;15:20:00;SC;101;206,2;SAO JOSE;Manobra de mudança de faixa;Colisão traseira;Com Vítimas Feridas;Pleno dia;Decrescente;Nublado;Múltipla;Reta;Sim;4;0;1;0;1;1;0;4;-27,594188;-48,618837;SPRF-SC;DEL01/SC;UOP01-DEL01-SC;;;
744802;10/01/2026;sábado;11:30:00;MA;226;441;GRAJAU;Ultrapassagem Indevida;Colisão lateral mesmo sentido;Com Vítimas Feridas;Pleno dia;Decrescente;Céu Claro;Simples;Reta;Não;3;0;1;0;1;2;0;2;-5,91399;-46,32596;SPRF-MA;DEL04-MA;UOP02-DEL04-MA;;;
744807;10/01/2026;sábado;15:57:00;PR;376;680,7;GUARATUBA;Manobra de mudança de faixa;Colisão lateral mesmo sentido;Com Vítimas Feridas;Pleno dia;Decrescente;Céu Claro;Dupla;Declive;Reta;Não;5;0;1;0;1;4;0;2;-25,964;-48,8977;SPRF-PR;DEL01/PR;UOP04-DEL01-PR;;
744814;10/01/2026;sábado;17:00:00;MG;364;22;FRUTAL;Demais falhas mecânicas ou elétricas;Colisão com objeto;Com Vítimas Feridas;Pleno dia;Decrescente;Céu Claro;Simples;Aclive;Não;2;0;1;0;1;0;0;4;-20,0430599;-48,85184225;SPRF-MG;DEL13/MG;UOP02-DEL13-MG;;;
744821;10/01/2026;sábado;17:20:00;BA;101;166;FEIRA DE SANTANA;Acessar a via sem observar a presença dos outros veículos;Colisão lateral mesmo sentido;Com Vítimas Feridas;Pleno dia;Crescente;Céu Claro;Simples;Curva;Interseção de Vias;Não;2;0;1;0;1;0;0;2;-12,32161;-38,872983;SPRF-BA;DEL11/BA;UOP02-DEL11-BA;;
744824;10/01/2026;sábado;16:20:00;ES;101;65;SAO MATEUS;Ingestão de álcool pelo condutor;Colisão lateral mesmo sentido;Com Vítimas Feridas;Pleno dia;Decrescente;Céu Claro;Simples;Reta;Sim;3;0;0;1;1;0;0;3;-18,70897235;-39,87709746;SPRF-ES;DEL04-ES;UOP02-DEL04-ES;;;
744825;10/01/2026;sábado;15:45:00;SE;101;93;NOSSA SENHORA DO SOCORRO;Acessar a via sem observar a presença dos outros veículos;Colisão lateral mesmo sentido;Sem Vítimas;Pleno dia;Decrescente;Céu Claro;Dupla;Reta;Sim;3;0;0;0;0;1;0;3;-10,90212319;-37,14494787;SPRF-SE;DEL01-SE;UOP01-DEL01-SE;;;
744832;10/01/2026;sábado;14:00:00;BA;101;733,8;ITABELA;Velocidade Incompatível;Saída de leito carroçável;Com Vítimas Feridas;Pleno dia;Crescente;Chuva;Simples;Declive;Curva;Não;2;0;1;0;1;0;0;2;-16,494228;-39,575278;SPRF-BA;DEL09/BA;UOP01-DEL09-BA;;
744838;10/01/2026;sábado;17:49:00;SP;116;282;EMBU DAS ARTES;Reação tardia ou ineficiente do condutor;Queda de ocupante de veículo;Com Vítimas Feridas;Anoitecer;Decrescente;Chuva;Dupla;Reta;Sim;4;0;2;0;2;1;0;4;-23,66198;-46,85268;SPRF-SP;DEL04/SP;UOP01-DEL04-SP;;;
744844;10/01/2026;sábado;18:40:00;CE;222;233,2;SOBRAL;Manobra de mudança de faixa;Colisão transversal;Com Vítimas Fatais;Anoitecer;Crescente;Céu Claro;Simples;Reta;Não;3;1;0;0;0;1;0;3;-3,712059;-40,426353;SPRF-CE;DEL04/CE;UOP01-DEL04-CE;;;
744851;10/01/2026;sábado;19:00:00;RS;290;87;PORTO ALEGRE;Manobra de mudança de faixa;Colisão lateral mesmo sentido;Sem Vítimas;Plena Noite;Decrescente;Nublado;Múltipla;Reta;Sim;5;0;0;0;0;4;0;3;-29,96746083;-51,13636717;SPRF-RS;DEL01/RS;UOP01-DEL01-RS;;;
744855;10/01/2026;sábado;16:30:00;BA;101;356;WENCESLAU GUIMARAES;Carga excessiva e/ou mal acondicionada;Derramamento de carga;Sem Vítimas;Pleno dia;Crescente;Céu Claro;Simples;Curva;Não;2;0;0;0;0;1;0;2;-13,66546;-39,478886;SPRF-BA;DEL05/BA;UOP03-DEL05-BA;;;
744867;10/01/2026;sábado;17:00:00;BA;116;672;JEQUIE;Ultrapassagem Indevida;Colisão traseira;Com Vítimas Feridas;Pleno dia;Crescente;Céu Claro;Simples;Reta;Não;2;0;1;0;1;1;0;2;-13,8425384;-40,1101469;SPRF-BA;DEL03/BA;UOP01-DEL03-BA;;;
744880;10/01/2026;sábado;21:19:00;MG;365;169;BURITIZEIRO;Ingestão de álcool pelo condutor;Colisão lateral sentido oposto;Com Vítimas Feridas;Plena Noite;Crescente;Céu Claro;Simples;Reta;Não;5;0;2;0;2;3;0;2;-17,38355;-44,98331;SPRF-MG;DEL10/MG;UOP02-DEL010-MG;;;
744883;10/01/2026;sábado;19:10:00;SP;116;503;BARRA DO TURVO;Ausência de reação do condutor;Saída de leito carroçável;Com Vítimas Feridas;Plena Noite;Decrescente;Chuva;Simples;Declive;Reta;Não;2;0;1;0;1;1;0;1;-24,9288249;-48,2715846;SPRF-SP;DEL05/SP;UOP02-DEL05-SP;;
744886;10/01/2026;sábado;16:40:00;SC;470;101,1;APIUNA;Mal súbito do condutor;Colisão lateral sentido oposto;Com Vítimas Fatais;Pleno dia;Crescente;Céu Claro;Simples;Curva;Não;11;1;3;2;5;4;0;5;-27,056528;-49,389295;SPRF-SC;DEL04/SC;UOP02-DEL04-SC;;;
744907;10/01/2026;sábado;21:15:00;RS;285;671;SAO BORJA;Transitar na contramão;Colisão lateral sentido oposto;Sem Vítimas;Plena Noite;Decrescente;Nublado;Simples;Reta;Não;3;0;0;0;0;2;0;3;-28,66818211;-55,95347241;SPRF-RS;DEL12/RS;UOP01-DEL12-RS;;;
744921;11/01/2026;domingo;04:00:00;SP;116;187;SANTA ISABEL;Estacionar ou parar em local proibido;Colisão lateral mesmo sentido;Com Vítimas Feridas;Plena Noite;Decrescente;Céu Claro;Dupla;Reta;Não;3;0;0;1;1;2;0;2;-23,357875;-46,210795;SPRF-SP;DEL01/SP;UOP01-DEL01-SP;;;
744928;11/01/2026;domingo;05:15:00;SC;470;54;BLUMENAU;Suicídio (presumido);Colisão frontal;Com Vítimas Fatais;Amanhecer;Decrescente;Nublado;Simples;Curva;Sim;3;1;0;0;0;1;0;3;-26,87104683;-49,10972206;SPRF-SC;DEL04/SC;UOP01-DEL04-SC;;;
744943;11/01/2026;domingo;03:20:00;PI;230;179,4;SAO JOAO DA VARJOTA;Condutor Dormindo;Colisão lateral sentido oposto;Com Vítimas Feridas;Plena Noite;Crescente;Céu Claro;Simples;Reta;Não;4;0;2;0;2;1;0;4;-6,944702;-41,986335;SPRF-PI;DEL04-PI;UOP01-DEL04-PI;;;
744958;11/01/2026;domingo;08:20:00;PR;376;673;TIJUCAS DO SUL;Demais falhas mecânicas ou elétricas;Incêndio;Sem Vítimas;Pleno dia;Decrescente;Céu Claro;Dupla;Reta;Não;2;0;0;0;0;1;0;2;-25,84164736;-49,03051123;SPRF-PR;DEL01/PR;UOP04-DEL01-PR;;;
744968;11/01/2026;domingo;10:20:00;RJ;393;274;BARRA DO PIRAI;Velocidade Incompatível;Tombamento;Com Vítimas Feridas;Pleno dia;Decrescente;Sol;Simples;Declive;Curva;Não;2;0;0;1;1;0;0;2;-22,47407426;-43,9940583;SPRF-RJ;DEL05/RJ;UOP04-DEL05-RJ;;
744985;11/01/2026;domingo;12:10:00;SC;101;213,2;PALHOCA;Frear bruscamente;Colisão traseira;Com Vítimas Feridas;Pleno dia;Crescente;Sol;Múltipla;Reta;Sim;11;0;5;0;5;6;0;8;-27,63762758;-48,66565629;SPRF-SC;DEL01/SC;UOP02-DEL01-SC;;;
744988;11/01/2026;domingo;12:30:00;SC;101;117,2;ITAJAI;Ausência de reação do condutor;Colisão transversal;Com Vítimas Feridas;Pleno dia;Crescente;Sol;Simples;Interseção de Vias;Não;2;0;1;0;1;1;0;2;-26,8903889;-48,72172091;SPRF-SC;DEL04/SC;UOP04-DEL04-SC;;;
745004;11/01/2026;domingo;15:30:00;SC;101;397;MARACAJA;Desrespeitar a preferência no cruzamento;Colisão transversal;Com Vítimas Feridas;Pleno dia;Crescente;Céu Claro;Dupla;Viaduto;Retorno Regulamentado;Não;5;0;2;1;3;2;0;2;-28,84234302;-49,42959309;SPRF-SC;DEL02/SC;UOP02-DEL02-SC;;
745008;11/01/2026;domingo;16:00:00;MG;50;74;UBERLANDIA;Ausência de reação do condutor;Colisão traseira;Com Vítimas Fatais;Pleno dia;Crescente;Céu Claro;Dupla;Reta;Sim;3;1;0;0;0;1;0;4;-18,907128;-48,228612;SPRF-MG;DEL15/MG;UOP01-DEL15-MG;;;
745009;11/01/2026;domingo;13:51:00;RS;471;155;SANTA CRUZ DO SUL;Acessar a via sem observar a presença dos outros veículos;Colisão lateral mesmo sentido;Com Vítimas Feridas;Pleno dia;Crescente;Céu Claro;Simples;Reta;Não;5;0;1;0;1;3;0;3;-29,82000964;-52,40286469;SPRF-RS;DEL02/RS;UOP03-DEL02-RS;;;
745010;11/01/2026;domingo;15:10:00;SP;153;16,5;NOVA GRANADA;Reação tardia ou ineficiente do condutor;Colisão traseira;Sem Vítimas;Pleno dia;Crescente;Céu Claro;Simples;Aclive;Reta;Não;5;0;0;0;0;5;0;2;-20,42986784;-49,27454042;SPRF-SP;DEL09/SP;UOP01-DEL09-SP;;
745011;11/01/2026;domingo;09:30:00;BA;116;260;TUCANO;Demais falhas mecânicas ou elétricas;Colisão com objeto;Com Vítimas Feridas;Pleno dia;Crescente;Céu Claro;Simples;Reta;Não;8;0;1;2;3;4;0;3;-10,85744853;-38,8512503;SPRF-BA;DEL07/BA;UOP02-DEL07-BA;;;
745029;11/01/2026;domingo;10:48:00;MA;230;329;SAO RAIMUNDO DAS MANGABEIRAS;Ausência de reação do condutor;Saída de leito carroçável;Com Vítimas Fatais;Pleno dia;Decrescente;Nublado;Simples;Reta;Não;3;2;0;0;0;0;0;2;-7,06575773;-45,56642534;SPRF-MA;DEL05-MA;UOP01-DEL05-MA;;;
745036;11/01/2026;domingo;17:40:00;TO;153;154;ARAGUAINA;Chuva;Tombamento;Sem Vítimas;Anoitecer;Crescente;Chuva;Simples;Ponte;Reta;Não;2;0;0;0;0;1;0;4;-7,284022;-48,277158;SPRF-TO;DEL02-TO;UOP01-DEL02-TO;;
745040;11/01/2026;domingo;15:50:00;AC;317;224;XAPURI;Transitar na contramão;Colisão lateral sentido oposto;Com Vítimas Fatais;Pleno dia;Crescente;Céu Claro;Simples;Reta;Não;3;1;0;0;0;2;0;3;-10,676697;-68,329587;SPRF-AC;DEL01-AC;UOP02-DEL01-AC;;;
745054;11/01/2026;domingo;14:05:00;SC;282;593,6;SAUDADES;Frear bruscamente;Saída de leito carroçável;Sem Vítimas;Pleno dia;Crescente;Chuva;Simples;Curva;Não;1;0;0;0;0;1;0;1;-26,8240386;-53,1043951;SPRF-SC;DEL07/SC;UOP02-DEL07-SC;;;
745064;11/01/2026;domingo;18:35:00;PI;343;518;AMARANTE;Demais falhas mecânicas ou elétricas;Incêndio;Sem Vítimas;Plena Noite;Crescente;Céu Claro;Simples;Reta;Não;1;0;0;0;0;1;0;1;-6,348785;-42,794627;SPRF-PI;DEL03-PI;UOP01-DEL03-PI;;;
745067;11/01/2026;domingo;16:30:00;MG;251;402,4;GRAO MOGOL;Ausência de reação do condutor;Colisão traseira;Com Vítimas Feridas;Pleno dia;Crescente;Céu Claro;Simples;Aclive;Reta;Não;6;0;0;1;1;4;0;3;-16,234139;-42,912976;SPRF-MG;DEL12/MG;UOP01-DEL12-MG;;
745094;11/01/2026;domingo;17:14:00;RO;364;244,6;CACOAL;Pista Escorregadia;Colisão lateral sentido oposto;Com Vítimas Feridas;Pleno dia;Crescente;Chuva;Simples;Declive;Reta;Não;3;0;1;0;1;1;0;5;-11,439812;-61,511818;SPRF-RO;DEL02-RO;UOP02-DEL02-RO;;
745101;11/01/2026;domingo;21:10:00;BA;407;138;SENHOR DO BONFIM;Ultrapassagem Indevida;Colisão frontal;Com Vítimas Feridas;Plena Noite;Crescente;Céu Claro;Simples;Declive;Sim;7;0;6;0;6;1;0;3;-10,55548;-40,13665;SPRF-BA;DEL04/BA;UOP01-DEL04-BA;;;
745112;11/01/2026;domingo;20:30:00;MT;364;1190;COMODORO;Animais na Pista;Saída de leito carroçável;Com Vítimas Feridas;Plena Noite;Crescente;Chuva;Simples;Declive;Reta;Não;2;0;1;0;1;0;0;2;-13,7985945;-59,46350098;SPRF-MT;DEL04/MT;UOP02-DEL04-MT;;
745117;11/01/2026;domingo;06:35:00;MG;116;412;GOVERNADOR VALADARES;Reação tardia ou ineficiente do condutor;Colisão traseira;Com Vítimas Feridas;Pleno dia;Decrescente;Céu Claro;Dupla;Reta;Não;2;0;1;0;1;1;0;2;-18,87100416;-41,96918376;SPRF-MG;DEL06/MG;UOP01-DEL06-MG;;;
745123;12/01/2026;segunda-feira;00:00:00;SP;116;125;CACAPAVA;Velocidade Incompatível;Colisão com objeto;Sem Vítimas;Plena Noite;Crescente;Céu Claro;Dupla;Reta;Não;2;0;0;0;0;2;0;2;-23,09494185;-45,68043156;SPRF-SP;DEL02/SP;UOP02-DEL02-SP;;;
745126;11/01/2026;domingo;23:00:00;SC;282;81,9;ALFREDO WAGNER;Demais falhas mecânicas ou elétricas;Incêndio;Sem Vítimas;Plena Noite;Crescente;Céu Claro;Simples;Declive;Não;2;0;0;0;0;1;0;3;-27,69754662;-49,30130705;SPRF-SC;DEL01/SC;UOP03-DEL01-SC;;;
745128;12/01/2026;segunda-feira;00:05:00;RJ;356;9;ITAPERUNA;Ultrapassagem Indevida;Colisão com objeto;Com Vítimas Feridas;Plena Noite;Crescente;Ignorado;Simples;Aclive;Não;3;0;2;0;2;1;0;2;-21,16794458;-42,11805987;SPRF-RJ;DEL08/RJ;UOP03-DEL08-RJ;;;
745138;12/01/2026;segunda-feira;04:20:00;PE;101;74,2;RECIFE;Manobra de mudança de faixa;Colisão traseira;Com Vítimas Feridas;Amanhecer;Crescente;Nublado;Dupla;Aclive;Curva;Sim;4;0;1;0;1;2;0;3;-8,103578;-34,948577;SPRF-PE;DEL01/PE;UOP01-DEL01-PE;;
745140;12/01/2026;segunda-feira;04:40:00;CE;116;139,4;PALHANO;Animais na Pista;Atropelamento de Animal;Com Vítimas Feridas;Amanhecer;Decrescente;Céu Claro;Simples;Reta;Não;2;0;1;0;1;1;0;2;-4,757761;-38,059643;SPRF-CE;DEL03/CE;UOP01-DEL03-CE;;;
745147;12/01/2026;segunda-feira;06:00:00;MG;40;740;SANTOS DUMONT;Transitar na contramão;Colisão frontal;Com Vítimas Feridas;Pleno dia;Decrescente;Céu Claro;Simples;Curva;Declive;Sim;3;0;1;0;1;1;0;3;-21,433953;-43,552125;SPRF-MG;DEL05/MG;UOP01-DEL05-MG;;
745151;12/01/2026;segunda-feira;03:45:00;BA;116;404;FEIRA DE SANTANA;Ausência de reação do condutor;Colisão traseira;Com Vítimas Feridas;Amanhecer;Crescente;Céu Claro;Dupla;Aclive;Reta;Sim;3;0;1;0;1;0;0;3;-12,0715;-38,969764;SPRF-BA;DEL02/BA;UOP01-DEL02-BA;;
745153;12/01/2026;segunda-feira;03:50:00;RJ;116;222,8;PARACAMBI;Ausência de reação do condutor;Engavetamento;Com Vítimas Feridas;Plena Noite;Decrescente;Céu Claro;Dupla;Reta;Não;10;0;4;1;5;4;0;18;-22,689631;-43,80043;SPRF-RJ;DEL06/RJ;UOP02-DEL06-RJ;;;
745164;12/01/2026;segunda-feira;07:43:00;RS;158;325;SANTA MARIA;Ausência de reação do condutor;Colisão traseira;Com Vítimas Feridas;Pleno dia;Crescente;Nublado;Dupla;Declive;Reta;Sim;2;0;1;0;1;1;0;2;-29,703194;-53,794661;SPRF-RS;DEL09/RS;UOP01-DEL09-RS;;
745165;12/01/2026;segunda-feira;07:00:00;MG;381;502;BETIM;Reação tardia ou ineficiente do condutor;Colisão traseira;Com Vítimas Feridas;Pleno dia;Crescente;Céu Claro;Múltipla;Reta;Não;3;0;2;0;2;1;0;2;-20,0201495;-44,22882199;SPRF-MG;DEL01/MG;UOP03-DEL01-MG;;;
745184;12/01/2026;segunda-feira;09:00:00;PR;376;386,2;IMBAU;Reação tardia ou ineficiente do condutor;Tombamento;Com Vítimas Fatais;Pleno dia;Decrescente;Nublado;Dupla;Declive;Curva;Não;2;1;0;0;0;0;0;2;-24,48362377;-50,73403716;SPRF-PR;DEL03/PR;UOP02-DEL03-PR;;
745185;12/01/2026;segunda-feira;09:30:00;SP;116;213;GUARULHOS;Condutor deixou de manter distância do veículo da frente;Colisão traseira;Com Vítimas Feridas;Pleno dia;Crescente;Céu Claro;Dupla;Reta;Não;2;0;1;0;1;0;0;2;-23,443323;-46,446657;SPRF-SP;DEL01/SP;UOP01-DEL01-SP;;;
745197;12/01/2026;segunda-feira;09:40:00;PB;230;211;SOLEDADE;Ultrapassagem Indevida;Colisão lateral mesmo sentido;Com Vítimas Feridas;Pleno dia;Crescente;Nublado;Simples;Aclive;Reta;Não;2;0;0;1;1;1;0;2;-7,0757;-36,339893;SPRF-PB;DEL02-PB;UOP02-DEL02-PB;;
745198;12/01/2026;segunda-feira;10:40:00;PR;277;68,9;SAO JOSE DOS PINHAIS;Condutor usando celular;Colisão traseira;Com Vítimas Feridas;Pleno dia;Crescente;Nublado;Dupla;Reta;Sim;3;0;1;0;1;1;0;3;-25,51911854;-49,1109832;SPRF-PR;DEL01/PR;UOP01-DEL01-PR;;;
745219;12/01/2026;segunda-feira;07:45:00;MG;262;698;ARAXA;Ultrapassagem Indevida;Colisão lateral mesmo sentido;Sem Vítimas;Pleno dia;Decrescente;Céu Claro;Simples;Aclive;Reta;Não;4;0;0;0;0;3;0;6;-19,59285811;-47,13132352;SPRF-MG;DEL08/MG;UOP01-DEL08-MG;;
745221;12/01/2026;segunda-feira;12:20:00;BA;407;219;CAPIM GROSSO;Condutor deixou de manter distância do veículo da frente;Colisão traseira;Com Vítimas Feridas;Pleno dia;Decrescente;Céu Claro;Simples;Reta;Não;2;0;0;1;1;1;0;2;-11,27291;-40,02245;SPRF-BA;DEL04/BA;UOP02-DEL04-BA;;;
745226;12/01/2026;segunda-feira;11:40:00;AL;101;115;PILAR;Condutor deixou de manter distância do veículo da frente;Colisão traseira;Sem Vítimas;Pleno dia;Crescente;Céu Claro;Simples;Declive;Reta;Em Obras;Não;3;0;0;0;0;2;0;3;-9,643387;-36,02438;SPRF-AL;DEL02-AL;UOP01-DEL02-AL;
745229;12/01/2026;segunda-feira;13:30:00;MG;381;525;BRUMADINHO;Demais falhas mecânicas ou elétricas;Colisão traseira;Com Vítimas Feridas;Pleno dia;Crescente;Céu Claro;Dupla;Ponte;Declive;Reta;Não;4;0;2;0;2;1;0;3;-20,145961;-44,323344;SPRF-MG;DEL04/MG;UOP03-DEL04-MG;
745238;12/01/2026;segunda-feira;13:00:00;PR;153;105,4;IBAITI;Ultrapassagem Indevida;Colisão lateral mesmo sentido;Com Vítimas Fatais;Pleno dia;Crescente;Céu Claro;Simples;Reta;Não;3;1;1;0;1;1;0;2;-23,81726803;-50,18078146;SPRF-PR;DEL07/PR;UOP04-DEL07-PR;;;
745240;12/01/2026;segunda-feira;08:30:00;BA;20;154,8;SAO DESIDERIO;Transitar na contramão;Colisão lateral sentido oposto;Sem Vítimas;Pleno dia;Decrescente;Céu Claro;Simples;Reta;Não;4;0;0;0;0;1;0;3;-12,59794;-45,91075;SPRF-BA;DEL10/BA;UOP01-DEL10-BA;;;
745247;12/01/2026;segunda-feira;12:10:00;SC;280;121;SAO BENTO DO SUL;Reação tardia ou ineficiente do condutor;Colisão frontal;Com Vítimas Feridas;Pleno dia;Crescente;Céu Claro;Simples;Declive;Reta;Não;4;0;0;3;3;1;0;3;-26,25529379;-49,45070593;SPRF-SC;DEL06/SC;UOP03-DEL06-SC;;
745248;12/01/2026;segunda-feira;15:25:00;MG;381;748,5;TRES CORACOES;Reação tardia ou ineficiente do condutor;Colisão traseira;Com Vítimas Feridas;Pleno dia;Decrescente;Sol;Dupla;Reta;Não;3;0;1;0;1;2;0;2;-21,6301025;-45,2743066;SPRF-MG;DEL16/MG;UOP02-DEL16-MG;;;
745249;12/01/2026;segunda-feira;14:51:00;MS;163;560;BANDEIRANTES;Ultrapassagem Indevida;Colisão lateral mesmo sentido;Com Vítimas Feridas;Pleno dia;Decrescente;Chuva;Simples;Reta;Não;5;0;2;0;2;2;0;5;-19,81557;-54,37084;SPRF-MS;DEL01/MS;UOP02-DEL01-MS;;;
745252;12/01/2026;segunda-feira;15:15:00;SC;282;24;SANTO AMARO DA IMPERATRIZ;Condutor deixou de manter distância do veículo da frente;Colisão traseira;Sem Vítimas;Pleno dia;Decrescente;Nublado;Simples;Aclive;Não;2;0;0;0;0;2;0;2;-27,67635721;-48,76709685;SPRF-SC;DEL01/SC;UOP03-DEL01-SC;;;
745253;12/01/2026;segunda-feira;15:00:00;RO;364;139,6;PIMENTA BUENO;Ultrapassagem Indevida;Colisão lateral mesmo sentido;Com Vítimas Feridas;Pleno dia;Decrescente;Céu Claro;Simples;Aclive;Reta;Não;6;0;2;0;2;4;0;2;-12,01524;-60,84262;SPRF-RO;DEL02-RO;UOP02-DEL02-RO;;
745257;12/01/2026;segunda-feira;15:30:00;RS;116;198,1;PICADA CAFE;Reação tardia ou ineficiente do condutor;Colisão frontal;Com Vítimas Feridas;Pleno dia;Crescente;Céu Claro;Simples;Curva;Não;4;0;1;1;2;2;0;2;-29,47719;-51,143363;SPRF-RS;DEL05/RS;UOP02-DEL05-RS;;;
745259;12/01/2026;segunda-feira;16:40:00;MG;262;513;LUZ;Acessar a via sem observar a presença dos outros veículos;Colisão traseira;Com Vítimas Feridas;Pleno dia;Crescente;Céu Claro;Simples;Declive;Não;4;0;2;0;2;2;0;2;-19,783136;-45,658257;SPRF-MG;DEL08/MG;UOP03-DEL08-MG;;;
745266;12/01/2026;segunda-feira;16:00:00;RJ;101;586;PARATY;Objeto estático sobre o leito carroçável;Colisão traseira;Com Vítimas Feridas;Pleno dia;Crescente;Nublado;Simples;Reta;Não;6;0;2;0;2;3;0;4;-23,274599;-44,688068;SPRF-RJ;DEL03/RJ;UOP04-DEL03-RJ;;;
745268;12/01/2026;segunda-feira;15:23:00;MG;116;276;TEOFILO OTONI;Ausência de reação do condutor;Colisão traseira;Com Vítimas Feridas;Pleno dia;Decrescente;Céu Claro;Simples;Reta;Sim;2;0;0;1;1;1;0;2;-17,85663968;-41,51454449;SPRF-MG;DEL11/MG;UOP01-DEL11-MG;;;
745271;12/01/2026;segunda-feira;17:00:00;RJ;40;109;DUQUE DE CAXIAS;Reação tardia ou ineficiente do condutor;Colisão traseira;Com Vítimas Feridas;Pleno dia;Decrescente;Sol;Múltipla;Reta;Sim;3;0;1;0;1;1;0;4;-22,680722;-43,285719;SPRF-RJ;DEL01/RJ;UOP02-DEL01-RJ;;;
745278;12/01/2026;segunda-feira;17:30:00;RJ;101;313;SAO GONCALO;Condutor deixou de manter distância do veículo da frente;Colisão traseira;Com Vítimas Feridas;Pleno dia;Decrescente;Céu Claro;Dupla;Reta;Sim;2;0;1;0;1;1;0;2;-22,792845;-43,0248534;SPRF-RJ;DEL02/RJ;UOP02-DEL02-RJ;;;
745285;12/01/2026;segunda-feira;18:10:00;RS;470;225;GARIBALDI;Acessar a via sem observar a presença dos outros veículos;Colisão transversal;Com Vítimas Feridas;Anoitecer;Crescente;Céu Claro;Simples;Curva;Aclive;Interseção de Vias;Não;4;0;1;0;1;2;0;3;-29,24667268;-51,51596395;SPRF-RS;DEL06/RS;UOP01-DEL06-RS;
745300;12/01/2026;segunda-feira;19:30:00;GO;20;217;POSSE;Reação tardia ou ineficiente do condutor;Colisão lateral mesmo sentido;Com Vítimas Feridas;Plena Noite;Crescente;Chuva;Simples;Declive;Não;3;0;0;1;1;1;0;3;-14,12701424;-46,31524801;SPRF-DF;DEL02-DF;UOP03-DEL02-DF;;;
745303;12/01/2026;segunda-feira;19:20:00;RS;386;79,2;BOA VISTA DAS MISSOES;Transitar na contramão;Capotamento;Com Vítimas Feridas;Anoitecer;Decrescente;Nublado;Simples;Reta;Não;4;0;1;1;2;0;0;3;-27,70772;-53,27877;SPRF-RS;DEL08/RS;UOP02-DEL08-RS;;;
745314;12/01/2026;segunda-feira;13:30:00;GO;364;276;MINEIROS;Demais falhas mecânicas ou elétricas;Colisão transversal;Com Vítimas Feridas;Pleno dia;Decrescente;Chuva;Simples;Reta;Não;5;0;0;1;1;3;0;7;-17,647338;-52,363388;SPRF-GO;DEL05/GO;UOP01-DEL05-GO;;;
745327;12/01/2026;segunda-feira;17:00:00;MT;163;983;TERRA NOVA DO NORTE;Condutor deixou de manter distância do veículo da frente;Colisão traseira;Com Vítimas Feridas;Anoitecer;Crescente;Céu Claro;Simples;Reta;Não;6;0;3;0;3;2;0;5;-10,63318266;-55,13239861;SPRF-MT;DEL06/MT;UOP03-DEL06-MT;;;