id;data_inversa;dia_semana;horario;uf;br;km;municipio;causa_acidente;tipo_acidente;classificacao_acidente;fase_dia;sentido_via;condicao_metereologica;tipo_pista;tracado_via;uso_solo;pessoas;mortos;feridos_leves;feridos_graves;feridos;ilesos;ignorados;veiculos;latitude;longitude;regional;delegacia;uop;;;
745329;12/01/2026;segunda-feira;22:00:00;BA;235;98;JEREMOABO;Ingestão de álcool pelo condutor;Colisão lateral sentido oposto;Com Vítimas Fatais;Plena Noite;Decrescente;Céu Claro;Simples;Reta;Não;2;1;0;0;0;0;0;2;-10,067804;-38,473907;SPRF-BA;DEL07/BA;UOP01-DEL07-BA;;;
745335;13/01/2026;terça-feira;05:50:00;PE;101;68;RECIFE;Manobra de mudança de faixa;Colisão lateral mesmo sentido;Sem Vítimas;Pleno dia;Crescente;Céu Claro;Dupla;Rotatória;Sim;2;0;0;0;0;2;0;2;-8,05266995;-34,94357228;SPRF-PE;DEL01/PE;UOP01-DEL01-PE;;;
745337;12/01/2026;segunda-feira;22:20:00;PR;163;209;CASCAVEL;Velocidade Incompatível;Colisão traseira;Com Vítimas Feridas;Plena Noite;Decrescente;Céu Claro;Dupla;Reta;Não;3;0;1;0;1;1;0;4;-24,9315627;-53,53781311;SPRF-PR;DEL05/PR;UOP05-DEL05-PR;;;
745344;13/01/2026;terça-feira;06:55:00;ES;262;161,9;IBATIBA;Transitar na contramão;Colisão lateral sentido oposto;Com Vítimas Feridas;Pleno dia;Decrescente;Céu Claro;Simples;Reta;Não;8;0;4;0;4;2;0;6;-20,23449602;-41,52900696;SPRF-ES;DEL01-ES;UOP02-DEL01-ES;;;
745346;13/01/2026;terça-feira;06:30:00;AL;101;71;MESSIAS;Deficiência do Sistema de Iluminação/Sinalização;Colisão traseira;Com Vítimas Feridas;Pleno dia;Crescente;Sol;Dupla;Aclive;Reta;Não;3;0;0;1;1;1;0;4;-9,3732234;-35,82855877;SPRF-AL;DEL01-AL;UOP01-DEL01-AL;;
745347;12/01/2026;segunda-feira;15:30:00;MT;364;151;PEDRA PRETA;Acostamento em desnível;Tombamento;Com Vítimas Feridas;Pleno dia;Crescente;Céu Claro;Simples;Reta;Não;3;0;1;0;1;1;0;6;-16,7286;-54,2652;SPRF-MT;DEL02/MT;UOP01-DEL02-MT;;;
745351;13/01/2026;terça-feira;07:15:00;MG;381;455,2;SABARA;Mal súbito do condutor;Colisão frontal;Com Vítimas Feridas;Pleno dia;Crescente;Céu Claro;Simples;Curva;Sim;4;0;0;1;1;2;0;4;-19,83435984;-43,85957764;SPRF-MG;DEL01/MG;UOP01-DEL01-MG;;;
745357;13/01/2026;terça-feira;07:00:00;PR;277;376;GUARAPUAVA;Ausência de reação do condutor;Saída de leito carroçável;Com Vítimas Feridas;Amanhecer;Decrescente;Céu Claro;Simples;Aclive;Reta;Não;2;0;1;0;1;0;0;2;-25,41805538;-51,78013945;SPRF-PR;DEL08/PR;UOP01-DEL08-PR;;
745359;13/01/2026;terça-feira;05:50:00;MS;262;210,8;RIBAS DO RIO PARDO;Demais falhas mecânicas ou elétricas;Incêndio;Sem Vítimas;Amanhecer;Crescente;Céu Claro;Simples;Aclive;Não;2;0;0;0;0;1;0;4;-20,464902;-53,489705;SPRF-MS;DEL01/MS;UOP05-DEL01-MS;;;
745363;13/01/2026;terça-feira;08:55:00;SC;101;147;ITAPEMA;Ausência de reação do condutor;Colisão traseira;Com Vítimas Feridas;Pleno dia;Decrescente;Nublado;Dupla;Reta;Sim;2;0;0;1;1;1;0;2;-27,10436;-48,616153;SPRF-SC;DEL04/SC;UOP03-DEL04-SC;;;
745366;13/01/2026;terça-feira;05:40:00;MG;381;276;JAGUARACU;Ultrapassagem Indevida;Colisão frontal;Com Vítimas Fatais;Amanhecer;Crescente;Céu Claro;Simples;Curva;Não;6;3;3;0;3;0;0;2;-19,58884;-42,73469;SPRF-MG;DEL03/MG;UOP02-DEL03-MG;;;
745367;13/01/2026;terça-feira;08:15:00;MT;70;523;VARZEA GRANDE;Ausência de reação do condutor;Colisão transversal;Com Vítimas Feridas;Pleno dia;Crescente;Céu Claro;Simples;Reta;Sim;3;0;1;1;2;1;0;2;-15,65566;-56,190328;SPRF-MT;DEL01/MT;UOP02-DEL01-MT;;;
745376;13/01/2026;terça-feira;08:40:00;SC;470;252,8;CURITIBANOS;Ausência de reação do condutor;Colisão traseira;Com Vítimas Feridas;Pleno dia;Decrescente;Céu Claro;Simples;Reta;Não;4;0;1;0;1;2;0;3;-27,30940076;-50,63341141;SPRF-SC;DEL05/SC;UOP03-DEL05-SC;;;
745380;13/01/2026;terça-feira;09:30:00;RJ;40;124;DUQUE DE CAXIAS;Mal súbito do condutor;Colisão lateral mesmo sentido;Sem Vítimas;Pleno dia;Crescente;Céu Claro;Múltipla;Reta;Sim;3;0;0;0;0;3;0;3;-22,80957364;-43,28887939;SPRF-RJ;DEL01/RJ;UOP02-DEL01-RJ;;;
745393;13/01/2026;terça-feira;12:50:00;PI;316;11;TERESINA;Acessar a via sem observar a presença dos outros veículos;Colisão transversal;Com Vítimas Feridas;Pleno dia;Crescente;Céu Claro;Simples;Rotatória;Sim;2;0;1;0;1;0;0;2;-5,19066292;-42,76136398;SPRF-PI;DEL01-PI;UOP02-DEL01-PI;;;
745400;13/01/2026;terça-feira;11:50:00;CE;222;120,6;ITAPAJE;Conversão proibida;Colisão transversal;Com Vítimas Feridas;Pleno dia;Crescente;Céu Claro;Simples;Reta;Sim;3;0;2;0;2;1;0;2;-3,706843;-39,569877;SPRF-CE;DEL04/CE;UOP03-DEL04-CE;;;
745407;13/01/2026;terça-feira;14:15:00;PR;277;69;SAO JOSE DOS PINHAIS;Acostamento em desnível;Tombamento;Com Vítimas Feridas;Pleno dia;Decrescente;Céu Claro;Dupla;Reta;Sim;3;0;1;0;1;1;0;2;-25,51615102;-49,11862493;SPRF-PR;DEL01/PR;UOP01-DEL01-PR;;;
745417;13/01/2026;terça-feira;15:06:00;CE;20;11,4;PARAMBU;Reação tardia ou ineficiente do condutor;Colisão lateral sentido oposto;Com Vítimas Feridas;Pleno dia;Crescente;Céu Claro;Simples;Declive;Curva;Não;4;0;1;0;1;2;0;6;-6,447982;-40,727313;SPRF-CE;DEL02/CE;UOP02-DEL02-CE;;
745420;11/01/2026;domingo;18:20:00;MT;364;440;VARZEA GRANDE;Reação tardia ou ineficiente do condutor;Colisão lateral sentido oposto;Sem Vítimas;Plena Noite;Crescente;Chuva;Simples;Declive;Reta;Não;4;0;0;0;0;4;0;4;-15,60324083;-56,20426224;SPRF-MT;DEL01/MT;UOP02-DEL01-MT;;
745421;13/01/2026;terça-feira;15:00:00;RN;304;122,6;ITAJA;Transitar na contramão;Colisão lateral sentido oposto;Sem Vítimas;Pleno dia;Decrescente;Céu Claro;Simples;Reta;Não;7;0;0;0;0;6;0;3;-5,644496;-36,834862;SPRF-RN;DEL04-RN;UOP01-DEL04-RN;;;
745428;13/01/2026;terça-feira;16:00:00;PR;277;594,5;CASCAVEL;Transitar na contramão;Colisão lateral sentido oposto;Com Vítimas Feridas;Pleno dia;Decrescente;Céu Claro;Simples;Viaduto;Curva;Sim;3;0;1;0;1;0;0;3;-24,98270735;-53,47360823;SPRF-PR;DEL04/PR;UOP01-DEL04-PR;;
745431;13/01/2026;terça-feira;15:30:00;PR;163;25;SANTO ANTONIO DO SUDOESTE;Ultrapassagem Indevida;Colisão traseira;Sem Vítimas;Pleno dia;Crescente;Céu Claro;Simples;Declive;Reta;Em Obras;Não;5;0;0;0;0;2;0;6;-26,119772;-53,67898;SPRF-PR;DEL02/PR;UOP02-DEL02-PR;
745434;13/01/2026;terça-feira;16:20:00;BA;101;821;ITAMARAJU;Transitar na contramão;Colisão frontal;Com Vítimas Feridas;Pleno dia;Crescente;Céu Claro;Simples;Reta;Não;6;0;1;0;1;4;0;4;-17,1156;-39,5669;SPRF-BA;DEL09/BA;UOP01-DEL09-BA;;;
745435;13/01/2026;terça-feira;15:35:00;BA;116;567;BREJOES;Acessar a via sem observar a presença dos outros veículos;Colisão transversal;Com Vítimas Fatais;Pleno dia;Decrescente;Céu Claro;Simples;Rotatória;Reta;Não;7;1;0;4;4;1;0;3;-13,01356;-39,95812;SPRF-BA;DEL03/BA;UOP02-DEL03-BA;;
745444;13/01/2026;terça-feira;14:25:00;RO;364;147,9;PIMENTA BUENO;Reação tardia ou ineficiente do condutor;Colisão lateral sentido oposto;Com Vítimas Feridas;Pleno dia;Crescente;Nublado;Simples;Declive;Curva;Não;6;0;2;0;2;3;0;5;-12,009918;-60,918392;SPRF-RO;DEL02-RO;UOP02-DEL02-RO;;
745470;13/01/2026;terça-feira;20:30:00;MG;40;464,3;SETE LAGOAS;Chuva;Colisão lateral mesmo sentido;Com Vítimas Feridas;Plena Noite;Crescente;Garoa/Chuvisco;Dupla;Curva;Não;4;0;2;0;2;1;0;2;-19,420327;-44,340949;SPRF-MG;DEL02/MG;UOP01-DEL02-MG;;;
745474;13/01/2026;terça-feira;20:50:00;MG;381;850,7;POUSO ALEGRE;Velocidade Incompatível;Colisão com objeto;Com Vítimas Feridas;Plena Noite;Crescente;Garoa/Chuvisco;Dupla;Viaduto;Reta;Sim;2;0;1;0;1;0;0;2;-22,24192538;-45,88252097;SPRF-MG;DEL16/MG;UOP01-DEL16-MG;;
745477;13/01/2026;terça-feira;17:40:00;RR;401;71;BONFIM;Demais falhas mecânicas ou elétricas;Saída de leito carroçável;Com Vítimas Fatais;Anoitecer;Decrescente;Nublado;Simples;Reta;Não;3;1;1;1;2;0;0;1;3,1727;-60,221536;SPRF-RR;DEL01-RR;UOP01-DEL01-RR;;;
745483;13/01/2026;terça-feira;15:30:00;GO;153;280;NOVA GLORIA;Transitar na contramão;Colisão frontal;Com Vítimas Feridas;Pleno dia;Decrescente;Céu Claro;Simples;Aclive;Reta;Não;7;0;2;0;2;4;0;8;-15,15371426;-49,53688413;SPRF-GO;DEL07/GO;UOP02-DEL07-GO;;
745489;13/01/2026;terça-feira;23:00:00;PR;277;132,8;BALSA NOVA;Acessar a via sem observar a presença dos outros veículos;Colisão traseira;Com Vítimas Feridas;Plena Noite;Decrescente;Nublado;Dupla;Interseção de Vias;Reta;Aclive;Não;5;0;2;0;2;2;0;4;-25,46627673;-49,59288094;SPRF-PR;DEL01/PR;UOP07-DEL01-PR;
745492;13/01/2026;terça-feira;23:40:00;MG;381;398;BOM JESUS DO AMPARO;Ausência de reação do condutor;Colisão traseira;Com Vítimas Feridas;Plena Noite;Crescente;Nublado;Dupla;Reta;Sim;3;0;0;1;1;1;0;3;-19,74182343;-43,51890564;SPRF-MG;DEL01/MG;UOP01-DEL01-MG;;;
745493;13/01/2026;terça-feira;23:15:00;RJ;116;304;RESENDE;Acessar a via sem observar a presença dos outros veículos;Atropelamento de Pedestre;Com Vítimas Feridas;Plena Noite;Decrescente;Céu Claro;Dupla;Reta;Sim;2;0;0;1;1;1;0;2;-22,45377795;-44,37366589;SPRF-RJ;DEL07/RJ;UOP02-DEL07-RJ;;;
745495;14/01/2026;quarta-feira;01:00:00;BA;116;290;TUCANO;Ingestão de álcool pelo condutor;Colisão frontal;Com Vítimas Fatais;Plena Noite;Crescente;Céu Claro;Simples;Reta;Não;4;1;0;2;2;0;0;3;-11,091476;-38,833259;SPRF-BA;DEL07/BA;UOP02-DEL07-BA;;;
745496;14/01/2026;quarta-feira;02:20:00;CE;116;534;JATI;Ausência de reação do condutor;Tombamento;Com Vítimas Feridas;Plena Noite;Crescente;Céu Claro;Simples;Curva;Declive;Sim;5;0;2;1;3;1;0;3;-7,68762227;-39,00712967;SPRF-CE;DEL05/CE;UOP03-DEL05-CE;;
745497;14/01/2026;quarta-feira;02:25:00;SC;101;150,9;ITAPEMA;Reação tardia ou ineficiente do condutor;Colisão transversal;Sem Vítimas;Plena Noite;Crescente;Céu Claro;Simples;Reta;Sim;3;0;0;0;0;2;0;3;-27,12556671;-48,60989928;SPRF-SC;DEL04/SC;UOP03-DEL04-SC;;;
745500;14/01/2026;quarta-feira;03:00:00;MG;381;750,2;TRES CORACOES;Ausência de reação do condutor;Saída de leito carroçável;Com Vítimas Feridas;Plena Noite;Crescente;Céu Claro;Dupla;Declive;Curva;Não;2;0;1;0;1;0;0;2;-21,64389713;-45,29137731;SPRF-MG;DEL16/MG;UOP02-DEL16-MG;;
745503;14/01/2026;quarta-feira;05:20:00;PR;277;363;GUARAPUAVA;Manobra de mudança de faixa;Colisão traseira;Com Vítimas Feridas;Amanhecer;Decrescente;Céu Claro;Simples;Reta;Não;1;0;1;0;1;0;0;1;-25,4300436;-51,60104084;SPRF-PR;DEL08/PR;UOP01-DEL08-PR;;;
745505;14/01/2026;quarta-feira;02:30:00;BA;116;733;BOA NOVA;Demais falhas mecânicas ou elétricas;Incêndio;Sem Vítimas;Plena Noite;Crescente;Céu Claro;Simples;Reta;Não;2;0;0;0;0;1;0;2;-14,33979;-40,328478;SPRF-BA;DEL08/BA;UOP02-DEL08-BA;;;
745524;10/01/2026;sábado;20:30:00;BA;116;312;ARACI;Entrada inopinada do pedestre;Atropelamento de Pedestre;Com Vítimas Feridas;Plena Noite;Crescente;Céu Claro;Dupla;Reta;Não;3;0;0;1;1;1;0;3;-11,25230629;-38,90940607;SPRF-BA;DEL02/BA;UOP01-DEL02-BA;;;
745529;14/01/2026;quarta-feira;06:42:00;PI;343;189,6;PIRIPIRI;Manobra de mudança de faixa;Colisão frontal;Com Vítimas Feridas;Amanhecer;Crescente;Céu Claro;Simples;Reta;Sim;6;0;1;3;4;1;0;3;-4,31615678;-41,77853823;SPRF-PI;DEL02-PI;UOP01-DEL02-PI;;;
745530;14/01/2026;quarta-feira;08:00:00;RJ;116;299;RESENDE;Ausência de reação do condutor;Colisão traseira;Com Vítimas Feridas;Pleno dia;Crescente;Céu Claro;Dupla;Reta;Não;4;0;1;0;1;2;0;3;-22,4545135;-44,3790631;SPRF-RJ;DEL07/RJ;UOP02-DEL07-RJ;;;
745535;14/01/2026;quarta-feira;08:10:00;SP;116;19,4;LAVRINHAS;Demais falhas mecânicas ou elétricas;Colisão traseira;Com Vítimas Feridas;Pleno dia;Decrescente;Céu Claro;Dupla;Reta;Não;3;0;0;1;1;1;0;4;-22,56438308;-44,86526728;SPRF-SP;DEL08/SP;UOP02-DEL08-SP;;;
745539;14/01/2026;quarta-feira;07:52:00;PE;232;408,3;SERRA TALHADA;Conversão proibida;Colisão transversal;Com Vítimas Feridas;Pleno dia;Crescente;Céu Claro;Simples;Reta;Sim;2;0;0;1;1;1;0;2;-7,983633;-38,280816;SPRF-PE;DEL04/PE;UOP01-DEL04-PE;;;
745541;14/01/2026;quarta-feira;08:30:00;ES;101;139,7;LINHARES;Condutor usando celular;Colisão lateral mesmo sentido;Com Vítimas Feridas;Pleno dia;Decrescente;Nublado;Múltipla;Reta;Não;3;0;1;0;1;2;0;2;-19,31560667;-40,07696333;SPRF-ES;DEL04-ES;UOP01-DEL04-ES;;;
745543;12/01/2026;segunda-feira;12:15:00;BA;110;308;ALAGOINHAS;Velocidade Incompatível;Saída de leito carroçável;Com Vítimas Feridas;Pleno dia;Crescente;Céu Claro;Simples;Curva;Não;2;0;1;0;1;0;0;3;-12,02983922;-38,37322354;SPRF-BA;DEL01/BA;UOP04-DEL01-BA;;;
745559;01/01/2026;quinta-feira;09:30:00;MG;381;688;LAVRAS;Velocidade Incompatível;Saída de leito carroçável;Com Vítimas Feridas;Pleno dia;Decrescente;Céu Claro;Dupla;Curva;Não;2;0;0;1;1;0;0;2;-21,18708;-45,116793;SPRF-MG;DEL04/MG;UOP02-DEL04-MG;;;
745564;14/01/2026;quarta-feira;10:35:00;RN;101;104,1;PARNAMIRIM;Manobra de mudança de faixa;Colisão lateral mesmo sentido;Sem Vítimas;Pleno dia;Crescente;Céu Claro;Dupla;Rotatória;Curva;Não;4;0;0;0;0;3;0;4;-5,891116;-35,258277;SPRF-RN;DEL01-RN;UOP01-DEL01-RN;;
745567;14/01/2026;quarta-feira;12:00:00;MT;163;626;NOVA MUTUM;Demais falhas mecânicas ou elétricas;Incêndio;Sem Vítimas;Pleno dia;Decrescente;Nublado;Dupla;Em Obras;Reta;Não;2;0;0;0;0;1;0;3;-13,4928;-56,05293;SPRF-MT;DEL01/MT;UOP01-DEL01-MT;;
745569;14/01/2026;quarta-feira;18:10:00;RS;290;91;PORTO ALEGRE;Manobra de mudança de faixa;Colisão lateral mesmo sentido;Com Vítimas Feridas;Pleno dia;Decrescente;Céu Claro;Dupla;Curva;Sim;3;0;1;0;1;1;0;3;-29,96900718;-51,16744995;SPRF-RS;DEL01/RS;UOP01-DEL01-RS;;;
745571;14/01/2026;quarta-feira;14:00:00;SC;282;16,6;PALHOCA;Acessar a via sem observar a presença dos outros veículos;Colisão transversal;Com Vítimas Feridas;Pleno dia;Crescente;Céu Claro;Simples;Reta;Sim;3;0;1;0;1;1;0;3;-27,662848;-48,685772;SPRF-SC;DEL01/SC;UOP02-DEL01-SC;;;
745572;14/01/2026;quarta-feira;20:15:00;MG;153;24,8;CENTRALINA;Chuva;Saída de leito carroçável;Com Vítimas Feridas;Plena Noite;Crescente;Chuva;Dupla;Declive;Não;2;0;0;1;1;1;0;1;-18,628392;-49,184995;SPRF-MG;DEL15/MG;UOP03-DEL15-MG;;;
745575;14/01/2026;quarta-feira;20:30:00;MG;153;3;ARAPORA;Ausência de reação do condutor;Saída de leito carroçável;Sem Vítimas;Plena Noite;Crescente;Chuva;Dupla;Reta;Aclive;Sim;1;0;0;0;0;1;0;1;-18,44169973;-49,18834146;SPRF-MG;DEL15/MG;UOP03-DEL15-MG;;
745578;14/01/2026;quarta-feira;10:50:00;PE;408;27,1;ALIANCA;Acessar a via sem observar a presença dos outros veículos;Colisão frontal;Com Vítimas Feridas;Pleno dia;Decrescente;Céu Claro;Simples;Reta;Sim;4;0;2;0;2;2;0;2;-7,59904512;-35,24255276;SPRF-PE;DEL01/PE;UOP01-DEL01-PE;;;
745579;14/01/2026;quarta-feira;20:30:00;MS;163;41,3;ELDORADO;Ingestão de álcool pelo condutor;Colisão lateral mesmo sentido;Sem Vítimas;Plena Noite;Crescente;Céu Claro;Simples;Reta;Não;3;0;0;0;0;2;0;4;-23,777614;-54,276668;SPRF-MS;DEL09/MS;UOP02-DEL09-MS;;;
745585;14/01/2026;quarta-feira;10:20:00;MT;163;810;SINOP;Condutor Dormindo;Colisão frontal;Com Vítimas Feridas;Pleno dia;Decrescente;Céu Claro;Simples;Reta;Não;9;0;1;0;1;7;0;12;-12,09262846;-55,51773984;SPRF-MT;DEL06/MT;UOP02-DEL06-MT;;;
745594;14/01/2026;quarta-feira;14:10:00;MG;381;563;ITAGUARA;Carga excessiva e/ou mal acondicionada;Tombamento;Com Vítimas Feridas;Pleno dia;Decrescente;Chuva;Dupla;Curva;Não;3;0;1;0;1;1;0;2;-20,38693666;-44,48313832;SPRF-MG;DEL04/MG;UOP03-DEL04-MG;;;
745595;14/01/2026;quarta-feira;15:25:00;MG;381;564,5;ITAGUARA;Condutor Dormindo;Saída de leito carroçável;Com Vítimas Feridas;Pleno dia;Decrescente;Chuva;Dupla;Reta;Não;2;0;0;1;1;0;0;2;-20,39240746;-44,49584126;SPRF-MG;DEL04/MG;UOP03-DEL04-MG;;;
745597;14/01/2026;quarta-feira;15:34:00;MG;381;564;ITAGUARA;Reação tardia ou ineficiente do condutor;Colisão traseira;Com Vítimas Feridas;Pleno dia;Crescente;Chuva;Dupla;Reta;Sim;4;0;1;0;1;2;0;6;-20,39188861;-44,49363884;SPRF-MG;DEL04/MG;UOP03-DEL04-MG;;;
745599;14/01/2026;quarta-feira;18:50:00;SP;116;561;BARRA DO TURVO;Velocidade Incompatível;Tombamento;Com Vítimas Fatais;Plena Noite;Crescente;Garoa/Chuvisco;Simples;Curva;Declive;Não;2;1;0;0;0;0;0;2;-25,0245566;-48,5183808;SPRF-SP;DEL05/SP;UOP02-DEL05-SP;;
745608;14/01/2026;quarta-feira;15:50:00;SC;280;187;MAFRA;Ultrapassagem Indevida;Colisão frontal;Com Vítimas Feridas;Pleno dia;Decrescente;Céu Claro;Múltipla;Reta;Declive;Não;3;0;0;1;1;2;0;3;-26,174006;-49,904838;SPRF-SC;DEL06/SC;UOP01-DEL06-SC;;
745613;14/01/2026;quarta-feira;09:20:00;SC;116;148,3;SANTA CECILIA;Demais falhas mecânicas ou elétricas;Tombamento;Sem Vítimas;Pleno dia;Decrescente;Céu Claro;Simples;Reta;Não;2;0;0;0;0;1;0;2;-27,018138;-50,422913;SPRF-SC;DEL06/SC;UOP02-DEL06-SC;;;
745614;14/01/2026;quarta-feira;16:50:00;MS;163;149;NAVIRAI;Reação tardia ou ineficiente do condutor;Colisão traseira;Sem Vítimas;Pleno dia;Decrescente;Céu Claro;Simples;Aclive;Curva;Não;4;0;0;0;0;3;0;3;-22,96048394;-54,4336389;SPRF-MS;DEL09/MS;UOP01-DEL09-MS;;
745616;14/01/2026;quarta-feira;16:30:00;ES;262;75;DOMINGOS MARTINS;Reação tardia ou ineficiente do condutor;Tombamento;Sem Vítimas;Amanhecer;Decrescente;Garoa/Chuvisco;Simples;Curva;Não;2;0;0;0;0;1;0;2;-20,414498;-40,907201;SPRF-ES;DEL01-ES;UOP02-DEL01-ES;;;
745619;14/01/2026;quarta-feira;21:05:00;BA;407;137;SENHOR DO BONFIM;Suicídio (presumido);Colisão lateral sentido oposto;Com Vítimas Fatais;Plena Noite;Decrescente;Céu Claro;Simples;Aclive;Reta;Não;4;1;0;1;1;1;0;3;-10,52814;-40,13898;SPRF-BA;DEL04/BA;UOP01-DEL04-BA;;
745620;14/01/2026;quarta-feira;15:30:00;GO;60;109,8;GOIANAPOLIS;Reação tardia ou ineficiente do condutor;Saída de leito carroçável;Com Vítimas Fatais;Pleno dia;Crescente;Chuva;Dupla;Declive;Não;13;3;5;1;6;3;0;8;-16,448563;-49,026626;SPRF-GO;DEL01/GO;UOP01-DEL01-GO;;;
745622;14/01/2026;quarta-feira;21:30:00;PR;373;172;PONTA GROSSA;Manobra de mudança de faixa;Colisão lateral mesmo sentido;Sem Vítimas;Plena Noite;Decrescente;Nublado;Dupla;Viaduto;Reta;Sim;3;0;0;0;0;2;0;3;-25,08133313;-50,19166231;SPRF-PR;DEL03/PR;UOP01-DEL03-PR;;
745627;14/01/2026;quarta-feira;18:40:00;RN;304;48,3;MOSSORO;Acessar a via sem observar a presença dos outros veículos;Colisão transversal;Com Vítimas Feridas;Plena Noite;Crescente;Céu Claro;Dupla;Retorno Regulamentado;Sim;3;0;0;1;1;2;0;2;-5,23097;-37,32089;SPRF-RN;DEL04-RN;UOP01-DEL04-RN;;;
745630;14/01/2026;quarta-feira;14:00:00;MS;163;479;CAMPO GRANDE;Trafegar com motocicleta (ou similar) entre as faixas;Colisão lateral mesmo sentido;Com Vítimas Feridas;Pleno dia;Crescente;Chuva;Simples;Viaduto;Reta;Não;3;0;1;0;1;1;0;4;-20,48050635;-54,55932705;SPRF-MS;DEL01/MS;UOP01-DEL01-MS;;
745632;14/01/2026;quarta-feira;20:20:00;RJ;116;240;PIRAI;Manobra de mudança de faixa;Colisão lateral mesmo sentido;Com Vítimas Feridas;Plena Noite;Decrescente;Céu Claro;Dupla;Reta;Não;2;0;0;1;1;0;0;2;-22,645;-43,897;SPRF-RJ;DEL07/RJ;UOP01-DEL07-RJ;;;
745634;14/01/2026;quarta-feira;17:00:00;RN;405;130;SAO FRANCISCO DO OESTE;Acessar a via sem observar a presença dos outros veículos;Colisão transversal;Com Vítimas Fatais;Anoitecer;Crescente;Céu Claro;Simples;Reta;Não;2;1;0;0;0;1;0;2;-5,961124;-38,127227;SPRF-RN;DEL04-RN;UOP02-DEL04-RN;;;
745639;14/01/2026;quarta-feira;22:25:00;MS;158;104;PARANAIBA;Transitar na contramão;Colisão frontal;Com Vítimas Fatais;Plena Noite;Decrescente;Chuva;Simples;Reta;Aclive;Não;3;1;1;0;1;0;0;3;-19,737278;-51,130576;SPRF-MS;DEL08/MS;UOP01-DEL08-MS;;
745640;14/01/2026;quarta-feira;20:00:00;MT;364;1177;CAMPOS DE JULIO;Ausência de reação do condutor;Saída de leito carroçável;Com Vítimas Feridas;Plena Noite;Decrescente;Céu Claro;Simples;Reta;Não;2;0;2;0;2;0;0;1;-13,69112084;-59,21700242;SPRF-MT;DEL04/MT;UOP02-DEL04-MT;;;
745645;14/01/2026;quarta-feira;23:30:00;SE;101;42,5;CAPELA;Problema com o freio;Incêndio;Sem Vítimas;Plena Noite;Crescente;Céu Claro;Dupla;Reta;Não;2;0;0;0;0;1;0;2;-10,45405133;-36,94015503;SPRF-SE;DEL02-SE;UOP02-DEL02-SE;;;
745648;14/01/2026;quarta-feira;15:33:00;RO;364;10;VILHENA;Estacionar ou parar em local proibido;Colisão com objeto;Com Vítimas Feridas;Pleno dia;Crescente;Céu Claro;Dupla;Reta;Sim;3;0;1;0;1;1;0;3;-12,74920681;-60,10792807;SPRF-RO;DEL04-RO;UOP01-DEL04-RO;;;
745654;14/01/2026;quarta-feira;23:00:00;PR;376;444;TIBAGI;Reação tardia ou ineficiente do condutor;Saída de leito carroçável;Com Vítimas Feridas;Plena Noite;Decrescente;Ignorado;Dupla;Curva;Não;2;0;1;0;1;0;0;3;-24,94208709;-50,40399134;SPRF-PR;DEL03/PR;UOP02-DEL03-PR;;;
745655;15/01/2026;quinta-feira;00:04:00;PB;104;133;QUEIMADAS;Manobra de mudança de faixa;Colisão frontal;Com Vítimas Feridas;Plena Noite;Decrescente;Céu Claro;Simples;Reta;Não;3;0;1;0;1;0;0;3;-7,308632;-35,893603;SPRF-PB;DEL02-PB;UOP03-DEL02-PB;;;
745662;14/01/2026;quarta-feira;08:00:00;SP;116;18;LAVRINHAS;Reação tardia ou ineficiente do condutor;Colisão traseira;Sem Vítimas;Pleno dia;Decrescente;Céu Claro;Dupla;Reta;Não;3;0;0;0;0;2;0;4;-22,56025247;-44,85928937;SPRF-SP;DEL08/SP;UOP02-DEL08-SP;;;
745672;14/01/2026;quarta-feira;22:15:00;MG;116;40,4;PEDRA AZUL;Condutor Dormindo;Colisão frontal;Com Vítimas Feridas;Plena Noite;Decrescente;Nublado;Simples;Reta;Não;3;0;1;1;2;0;0;4;-15,98565764;-41,40684692;SPRF-MG;DEL11/MG;UOP02-DEL11-MG;;;
745673;15/01/2026;quinta-feira;04:30:00;SC;470;32,9;GASPAR;Ausência de reação do condutor;Colisão traseira;Com Vítimas Fatais;Amanhecer;Crescente;Nublado;Dupla;Reta;Sim;3;1;0;0;0;1;0;3;-26,90623605;-48,94054826;SPRF-SC;DEL04/SC;UOP01-DEL04-SC;;;
745676;14/01/2026;quarta-feira;14:30:00;BA;101;259;SANTO ANTONIO DE JESUS;Acesso irregular;Colisão transversal;Com Vítimas Fatais;Pleno dia;Crescente;Céu Claro;Simples;Declive;Reta;Não;2;1;0;0;0;0;0;2;-12,95610862;-39,26439199;SPRF-BA;DEL11/BA;UOP01-DEL11-BA;;
745681;14/01/2026;quarta-feira;11:05:00;GO;60;92,7;ANAPOLIS;Conversão proibida;Colisão transversal;Com Vítimas Feridas;Pleno dia;Crescente;Céu Claro;Dupla;Reta;Interseção de Vias;Retorno Regulamentado;Sim;5;0;1;0;1;3;0;3;-16,352549;-48,917092;SPRF-GO;DEL02/GO;UOP01-DEL02-GO;
745683;15/01/2026;quinta-feira;03:57:00;CE;222;49;SAO GONCALO DO AMARANTE;Condutor Dormindo;Saída de leito carroçável;Com Vítimas Feridas;Plena Noite;Crescente;Céu Claro;Simples;Reta;Ponte;Não;1;0;0;1;1;0;0;1;-3,667283;-38,986833;SPRF-CE;DEL01/CE;UOP03-DEL01-CE;;