id;data_inversa;dia_semana;horario;uf;br;km;municipio;causa_acidente;tipo_acidente;classificacao_acidente;fase_dia;sentido_via;condicao_metereologica;tipo_pista;tracado_via;uso_solo;pessoas;mortos;feridos_leves;feridos_graves;feridos;ilesos;ignorados;veiculos;latitude;longitude;regional;delegacia;uop;;;
750345;06/02/2026;sexta-feira;03:05:00;MG;354;740;POUSO ALTO;Condutor Dormindo;Saída de leito carroçável;Sem Vítimas;Plena Noite;Crescente;Nublado;Simples;Curva;Não;2;0;0;0;0;1;0;2;-22,22042721;-44,93566632;SPRF-MG;DEL17/MG;UOP01-DEL17-MG;;;
750346;06/02/2026;sexta-feira;05:45:00;BA;101;245;CONCEICAO DO ALMEIDA;Condutor Dormindo;Tombamento;Com Vítimas Fatais;Pleno dia;Crescente;Céu Claro;Simples;Curva;Não;2;1;1;0;1;0;0;1;-12,852013;-39,207831;SPRF-BA;DEL11/BA;UOP01-DEL11-BA;;;
750348;06/02/2026;sexta-feira;03:00:00;MG;251;506;FRANCISCO SA;Ingestão de álcool pelo condutor;Tombamento;Com Vítimas Feridas;Plena Noite;Decrescente;Céu Claro;Simples;Reta;Aclive;Não;2;0;1;0;1;0;0;2;-16,615111;-43,664981;SPRF-MG;DEL12/MG;UOP01-DEL12-MG;;
750349;05/02/2026;quinta-feira;19:00:00;PR;153;509,5;GENERAL CARNEIRO;Condutor deixou de manter distância do veículo da frente;Saída de leito carroçável;Com Vítimas Feridas;Anoitecer;Decrescente;Céu Claro;Simples;Curva;Não;2;0;1;0;1;0;0;2;-26,58196093;-51,4491342;SPRF-PR;DEL02/PR;UOP03-DEL02-PR;;;
750350;06/02/2026;sexta-feira;05:30:00;MG;116;272;TEOFILO OTONI;Reação tardia ou ineficiente do condutor;Tombamento;Com Vítimas Feridas;Amanhecer;Crescente;Nublado;Simples;Curva;Não;3;0;1;0;1;1;0;4;-17,818011;-41,498625;SPRF-MG;DEL11/MG;UOP01-DEL11-MG;;;
750356;06/02/2026;sexta-feira;06:00:00;PR;277;667,8;MEDIANEIRA;Manobra de mudança de faixa;Colisão lateral mesmo sentido;Com Vítimas Feridas;Amanhecer;Crescente;Céu Claro;Dupla;Reta;Aclive;Não;4;0;2;0;2;2;0;2;-25,25820341;-54,0410614;SPRF-PR;DEL05/PR;UOP02-DEL05-PR;;
750364;06/02/2026;sexta-feira;07:50:00;SP;116;468;JACUPIRANGA;Velocidade Incompatível;Colisão traseira;Com Vítimas Feridas;Pleno dia;Decrescente;Céu Claro;Dupla;Reta;Não;3;0;0;1;1;1;0;3;-24,66757397;-47,97546386;SPRF-SP;DEL05/SP;UOP01-DEL05-SP;;;
750366;06/02/2026;sexta-feira;07:50:00;SP;116;441;REGISTRO;Frear bruscamente;Engavetamento;Sem Vítimas;Pleno dia;Decrescente;Céu Claro;Dupla;Reta;Sim;3;0;0;0;0;3;0;3;-24,46918282;-47,82250437;SPRF-SP;DEL05/SP;UOP01-DEL05-SP;;;
750372;06/02/2026;sexta-feira;08:00:00;PR;277;315,4;GUARAPUAVA;Manobra de mudança de faixa;Colisão lateral mesmo sentido;Com Vítimas Feridas;Pleno dia;Crescente;Céu Claro;Simples;Reta;Não;3;0;0;1;1;1;0;4;-25,311779;-51,2132298;SPRF-PR;DEL08/PR;UOP01-DEL08-PR;;;
750373;06/02/2026;sexta-feira;05:30:00;GO;452;49;RIO VERDE;Acessar a via sem observar a presença dos outros veículos;Colisão transversal;Com Vítimas Feridas;Amanhecer;Crescente;Nevoeiro/Neblina;Simples;Reta;Não;5;0;2;1;3;1;0;4;-17,962917;-50,48667;SPRF-GO;DEL04/GO;UOP01-DEL04-GO;;;
750378;06/02/2026;sexta-feira;09:15:00;RS;116;521;PELOTAS;Acessar a via sem observar a presença dos outros veículos;Colisão transversal;Com Vítimas Feridas;Pleno dia;Crescente;Céu Claro;Dupla;Rotatória;Viaduto;Sim;2;0;0;1;1;1;0;2;-31,706775;-52,36782;SPRF-RS;DEL07/RS;UOP01-DEL07-RS;;
750380;06/02/2026;sexta-feira;09:48:00;MG;381;507;SAO JOAQUIM DE BICAS;Reação tardia ou ineficiente do condutor;Colisão transversal;Com Vítimas Feridas;Pleno dia;Crescente;Nublado;Simples;Rotatória;Sim;4;0;1;0;1;3;0;2;-20,04114;-44,26733;SPRF-MG;DEL01/MG;UOP03-DEL01-MG;;;
750381;06/02/2026;sexta-feira;06:30:00;PE;423;40,2;CACHOEIRINHA;Demais falhas mecânicas ou elétricas;Saída de leito carroçável;Com Vítimas Feridas;Pleno dia;Decrescente;Céu Claro;Simples;Reta;Não;1;0;1;0;1;0;0;1;-8,496782;-36,240908;SPRF-PE;DEL03/PE;UOP01-DEL03-PE;;;
750383;29/01/2026;quinta-feira;14:45:00;SC;282;112;ALFREDO WAGNER;Velocidade Incompatível;Colisão lateral sentido oposto;Com Vítimas Feridas;Pleno dia;Crescente;Chuva;Simples;Curva;Aclive;Não;6;0;2;2;4;1;0;3;-27,732822;-49,371183;SPRF-SC;DEL01/SC;UOP03-DEL01-SC;;
750384;06/02/2026;sexta-feira;09:30:00;MG;381;509,1;SAO JOAQUIM DE BICAS;Velocidade Incompatível;Colisão com objeto;Com Vítimas Feridas;Pleno dia;Decrescente;Nublado;Dupla;Curva;Declive;Sim;7;0;2;0;2;4;0;6;-20,0502391;-44,279107;SPRF-MG;DEL01/MG;UOP03-DEL01-MG;;
750391;06/02/2026;sexta-feira;10:00:00;RS;290;94;PORTO ALEGRE;Manobra de mudança de faixa;Colisão lateral mesmo sentido;Com Vítimas Feridas;Pleno dia;Crescente;Céu Claro;Simples;Reta;Sim;2;0;1;0;1;1;0;2;-29,97610781;-51,19967937;SPRF-RS;DEL01/RS;UOP01-DEL01-RS;;;
750397;06/02/2026;sexta-feira;06:25:00;MG;262;398;PARA DE MINAS;Ausência de reação do condutor;Colisão traseira;Com Vítimas Feridas;Pleno dia;Crescente;Nublado;Dupla;Aclive;Não;3;0;0;1;1;1;0;4;-19,89119;-44,62425;SPRF-MG;DEL01/MG;UOP03-DEL01-MG;;;
750403;06/02/2026;sexta-feira;10:20:00;MT;364;427;CAMPO VERDE;Curva acentuada;Tombamento;Com Vítimas Feridas;Pleno dia;Decrescente;Nublado;Simples;Curva;Viaduto;Não;2;0;1;0;1;0;0;2;-15,81758769;-55,407183;SPRF-MT;DEL01/MT;UOP02-DEL01-MT;;
750404;06/02/2026;sexta-feira;09:30:00;SC;280;235,9;CANOINHAS;Ausência de reação do condutor;Colisão com objeto;Sem Vítimas;Pleno dia;Crescente;Céu Claro;Simples;Reta;Sim;1;0;0;0;0;1;0;1;-26,1940038;-50,4215262;SPRF-SC;DEL06/SC;UOP04-DEL06-SC;;;
750406;06/02/2026;sexta-feira;10:40:00;GO;60;352;SANTO ANTONIO DA BARRA;Ausência de reação do condutor;Saída de leito carroçável;Com Vítimas Feridas;Pleno dia;Decrescente;Céu Claro;Dupla;Reta;Não;1;0;1;0;1;0;0;1;-17,598292;-50,73292;SPRF-GO;DEL04/GO;UOP02-DEL04-GO;;;
750409;06/02/2026;sexta-feira;10:20:00;MG;381;855;POUSO ALEGRE;Ausência de reação do condutor;Colisão traseira;Com Vítimas Feridas;Pleno dia;Decrescente;Nublado;Dupla;Reta;Não;5;0;0;2;2;1;0;3;-22,27049412;-45,89238946;SPRF-MG;DEL16/MG;UOP01-DEL16-MG;;;
750412;06/02/2026;sexta-feira;09:30:00;MT;158;635;NOVA XAVANTINA;Demais falhas mecânicas ou elétricas;Tombamento;Sem Vítimas;Pleno dia;Decrescente;Nublado;Simples;Reta;Não;2;0;0;0;0;1;0;3;-14,55749494;-52,3643589;SPRF-MT;DEL07/MT;UOP02-DEL07-MT;;;
750413;06/02/2026;sexta-feira;10:40:00;SC;282;322;CAMPOS NOVOS;Velocidade Incompatível;Tombamento;Com Vítimas Feridas;Pleno dia;Decrescente;Céu Claro;Simples;Interseção de Vias;Curva;Não;3;0;2;0;2;0;0;2;-27,3751062;-51,0725009;SPRF-SC;DEL07/SC;UOP06-DEL07-SC;;
750417;06/02/2026;sexta-feira;11:30:00;BA;116;25,6;VITORIA DA CONQUISTA;Ultrapassagem Indevida;Colisão frontal;Com Vítimas Fatais;Pleno dia;Crescente;Céu Claro;Simples;Reta;Sim;3;1;0;0;0;1;0;3;-14,852559;-40,800879;SPRF-BA;DEL08/BA;UOP01-DEL08-BA;;;
750421;06/02/2026;sexta-feira;12:40:00;PR;376;81,1;GUAIRACA;Objeto estático sobre o leito carroçável;Colisão frontal;Com Vítimas Fatais;Pleno dia;Crescente;Céu Claro;Simples;Declive;Não;6;2;3;0;3;0;0;4;-22,95836615;-52,6551412;SPRF-PR;DEL09/PR;UOP02-DEL09-PR;;;
750423;06/02/2026;sexta-feira;13:10:00;SC;101;241;PALHOCA;Manobra de mudança de faixa;Colisão lateral mesmo sentido;Com Vítimas Feridas;Pleno dia;Crescente;Céu Claro;Múltipla;Reta;Não;6;0;1;0;1;4;0;2;-27,87106191;-48,64655972;SPRF-SC;DEL01/SC;UOP02-DEL01-SC;;;
750425;06/02/2026;sexta-feira;11:45:00;PR;376;4;APUCARANA;Reação tardia ou ineficiente do condutor;Colisão traseira;Com Vítimas Feridas;Pleno dia;Crescente;Céu Claro;Simples;Reta;Sim;3;0;1;0;1;1;0;3;-23,549556;-51,449749;SPRF-PR;DEL07/PR;UOP03-DEL07-PR;;;
750426;06/02/2026;sexta-feira;12:40:00;SC;282;499;XANXERE;Condutor deixou de manter distância do veículo da frente;Colisão lateral mesmo sentido;Com Vítimas Feridas;Pleno dia;Crescente;Céu Claro;Simples;Reta;Não;3;0;1;0;1;1;0;3;-26,8799694;-52,3549611;SPRF-SC;DEL07/SC;UOP01-DEL07-SC;;;
750427;06/02/2026;sexta-feira;06:30:00;RS;290;410,8;SAO GABRIEL;Condutor Dormindo;Saída de leito carroçável;Com Vítimas Feridas;Amanhecer;Decrescente;Céu Claro;Simples;Reta;Declive;Não;1;0;0;1;1;0;0;1;-30,360127;-54,260578;SPRF-RS;DEL11/RS;UOP02-DEL11-RS;;
750428;05/02/2026;quinta-feira;07:20:00;RS;285;202,2;LAGOA VERMELHA;Objeto estático sobre o leito carroçável;Colisão traseira;Com Vítimas Feridas;Pleno dia;Decrescente;Céu Claro;Simples;Curva;Aclive;Não;7;0;5;0;5;2;0;2;-28,215678;-51,551949;SPRF-RS;DEL08/RS;UOP05-DEL08-RS;;
750430;06/02/2026;sexta-feira;12:50:00;PE;232;105;BEZERROS;Carga excessiva e/ou mal acondicionada;Eventos atípicos;Sem Vítimas;Pleno dia;Decrescente;Sol;Dupla;Reta;Não;2;0;0;0;0;2;0;2;-8,26201;-35,7867;SPRF-PE;DEL02/PE;UOP03-DEL02-PE;;;
750442;06/02/2026;sexta-feira;09:30:00;PE;116;5;SALGUEIRO;Reação tardia ou ineficiente do condutor;Saída de leito carroçável;Com Vítimas Feridas;Pleno dia;Decrescente;Sol;Simples;Reta;Não;2;0;1;0;1;0;0;2;-8,0734576;-39,131791;SPRF-PE;DEL05/PE;UOP01-DEL05-PE;;;
750444;06/02/2026;sexta-feira;13:20:00;RJ;493;99;SEROPEDICA;Estacionar ou parar em local proibido;Colisão traseira;Com Vítimas Feridas;Pleno dia;Decrescente;Sol;Dupla;Reta;Interseção de Vias;Não;2;0;1;0;1;1;0;2;-22,7474682;-43,6991242;SPRF-RJ;DEL01/RJ;UOP03-DEL01-RJ;;
750445;06/01/2026;terça-feira;17:30:00;SC;101;114,3;ITAJAI;Trafegar com motocicleta (ou similar) entre as faixas;Tombamento;Com Vítimas Fatais;Pleno dia;Decrescente;Céu Claro;Múltipla;Reta;Sim;5;1;0;1;1;2;0;5;-26,86486;-48,72945;SPRF-SC;DEL04/SC;UOP04-DEL04-SC;;;
750447;06/02/2026;sexta-feira;10:00:00;MG;251;491,8;FRANCISCO SA;Velocidade Incompatível;Saída de leito carroçável;Sem Vítimas;Pleno dia;Crescente;Garoa/Chuvisco;Simples;Declive;Não;2;0;0;0;0;1;0;2;-16,52826;-43,57756;SPRF-MG;DEL12/MG;UOP01-DEL12-MG;;;
750448;06/02/2026;sexta-feira;13:40:00;BA;101;40;ESPLANADA;Velocidade Incompatível;Colisão traseira;Com Vítimas Fatais;Pleno dia;Decrescente;Céu Claro;Simples;Reta;Não;4;1;0;0;0;2;0;3;-11,81692843;-37,96981387;SPRF-SE;DEL02-SE;UOP03-DEL02-SE;;;
750454;06/02/2026;sexta-feira;14:10:00;RJ;116;276;BARRA MANSA;Ausência de reação do condutor;Colisão traseira;Com Vítimas Feridas;Pleno dia;Crescente;Nublado;Dupla;Reta;Aclive;Sim;4;0;1;0;1;2;0;7;-22,562;-44,167;SPRF-RJ;DEL07/RJ;UOP02-DEL07-RJ;;
750456;06/02/2026;sexta-feira;15:09:00;RJ;116;128;MAGE;Reação tardia ou ineficiente do condutor;Engavetamento;Com Vítimas Feridas;Pleno dia;Crescente;Nublado;Dupla;Reta;Sim;4;0;1;0;1;3;0;3;-22,66544057;-43,10716979;SPRF-RJ;DEL04/RJ;UOP02-DEL04-RJ;;;
750460;06/02/2026;sexta-feira;16:17:00;BA;324;526;FEIRA DE SANTANA;Manobra de mudança de faixa;Colisão lateral mesmo sentido;Com Vítimas Feridas;Pleno dia;Decrescente;Céu Claro;Dupla;Reta;Não;2;0;0;1;1;0;0;2;-12,3152265;-38,8785693;SPRF-BA;DEL11/BA;UOP02-DEL11-BA;;;
750468;06/02/2026;sexta-feira;15:30:00;MG;116;151;PONTO DOS VOLANTES;Ultrapassagem Indevida;Colisão frontal;Com Vítimas Feridas;Pleno dia;Crescente;Céu Claro;Simples;Curva;Não;4;0;1;0;1;3;0;3;-16,85906;-41,472957;SPRF-MG;DEL11/MG;UOP02-DEL11-MG;;;
750472;06/02/2026;sexta-feira;16:50:00;SC;101;146;ITAPEMA;Transitar no Acostamento;Atropelamento de Pedestre;Com Vítimas Feridas;Pleno dia;Decrescente;Céu Claro;Dupla;Reta;Sim;2;0;0;1;1;1;0;2;-27,08796213;-48,60898465;SPRF-SC;DEL04/SC;UOP03-DEL04-SC;;;
750474;06/02/2026;sexta-feira;13:20:00;PA;316;93;SAO FRANCISCO DO PARA;Ausência de reação do condutor;Colisão lateral sentido oposto;Com Vítimas Feridas;Pleno dia;Decrescente;Chuva;Simples;Reta;Não;3;0;0;1;1;1;0;3;-1,323783;-47,667717;SPRF-PA;DEL01/PA;UOP02-DEL01-PA;;;
750479;06/02/2026;sexta-feira;16:00:00;RJ;101;257;RIO BONITO;Ausência de reação do condutor;Colisão lateral mesmo sentido;Sem Vítimas;Pleno dia;Decrescente;Céu Claro;Dupla;Reta;Sim;4;0;0;0;0;3;0;3;-22,701637;-42,586871;SPRF-RJ;DEL02/RJ;UOP03-DEL02-RJ;;;
750481;06/02/2026;sexta-feira;15:55:00;MG;40;44;PARACATU;Reação tardia ou ineficiente do condutor;Colisão com objeto;Com Vítimas Feridas;Pleno dia;Decrescente;Nublado;Simples;Curva;Sim;4;0;1;1;2;1;0;5;-17,234748;-46,847807;SPRF-MG;DEL14/MG;UOP01-DEL14-MG;;;
750489;06/02/2026;sexta-feira;17:00:00;DF;80;8;BRASILIA;Suicídio (presumido);Colisão frontal;Com Vítimas Fatais;Pleno dia;Crescente;Céu Claro;Simples;Reta;Não;3;1;0;0;0;1;0;3;-15,731128;-48,143887;SPRF-DF;DEL03-DF;UOP02-DEL03-DF;;;
750490;06/02/2026;sexta-feira;11:17:00;PA;163;14;NOVO PROGRESSO;Animais na Pista;Saída de leito carroçável;Com Vítimas Feridas;Pleno dia;Crescente;Nublado;Simples;Reta;Não;1;0;1;0;1;0;0;1;-9,452006;-54,859101;SPRF-MT;DEL06/MT;UOP03-DEL06-MT;;;
750495;06/02/2026;sexta-feira;17:50:00;ES;101;438,2;MIMOSO DO SUL;Ultrapassagem Indevida;Colisão frontal;Com Vítimas Fatais;Pleno dia;Crescente;Nublado;Simples;Reta;Não;4;1;0;0;0;1;0;3;-21,0681404;-41,2232845;SPRF-ES;DEL03-ES;UOP02-DEL03-ES;;;
750496;06/02/2026;sexta-feira;18:20:00;SC;101;141;ITAPEMA;Condutor usando celular;Colisão traseira;Sem Vítimas;Pleno dia;Crescente;Sol;Dupla;Reta;Sim;2;0;0;0;0;2;0;2;-27,05850841;-48,59722137;SPRF-SC;DEL04/SC;UOP03-DEL04-SC;;;
750500;06/02/2026;sexta-feira;18:10:00;SC;101;113;ITAJAI;Trafegar com motocicleta (ou similar) entre as faixas;Colisão lateral mesmo sentido;Com Vítimas Feridas;Anoitecer;Decrescente;Céu Claro;Múltipla;Reta;Sim;2;0;1;0;1;1;0;2;-26,84708165;-48,72229323;SPRF-SC;DEL04/SC;UOP04-DEL04-SC;;;
750507;06/02/2026;sexta-feira;18:30:00;PB;230;25;JOAO PESSOA;Ausência de reação do condutor;Colisão traseira;Sem Vítimas;Plena Noite;Crescente;Garoa/Chuvisco;Múltipla;Viaduto;Reta;Aclive;Sim;3;0;0;0;0;2;0;3;-7,17002566;-34,87229669;SPRF-PB;DEL01-PB;UOP01-DEL01-PB;
750514;06/02/2026;sexta-feira;19:45:00;ES;101;69,8;SAO MATEUS;Suicídio (presumido);Atropelamento de Pedestre;Com Vítimas Feridas;Plena Noite;Decrescente;Céu Claro;Simples;Declive;Reta;Não;4;0;0;1;1;3;0;3;-18,74197014;-39,86130061;SPRF-ES;DEL04-ES;UOP02-DEL04-ES;;
750526;06/02/2026;sexta-feira;19:00:00;PR;373;228,3;IMBITUVA;Acessar a via sem observar a presença dos outros veículos;Colisão transversal;Com Vítimas Feridas;Plena Noite;Decrescente;Ignorado;Simples;Reta;Sim;3;0;0;1;1;1;0;4;-25,178414;-50,652293;SPRF-PR;DEL03/PR;UOP01-DEL03-PR;;;
750528;06/02/2026;sexta-feira;13:30:00;RJ;465;17;SEROPEDICA;Mal súbito do condutor;Colisão lateral mesmo sentido;Com Vítimas Feridas;Pleno dia;Decrescente;Céu Claro;Simples;Reta;Sim;3;0;2;0;2;0;0;3;-22,83852797;-43,61228943;SPRF-RJ;DEL06/RJ;UOP02-DEL06-RJ;;;
750536;06/02/2026;sexta-feira;20:50:00;PA;316;19;BENEVIDES;Acostamento em desnível;Tombamento;Com Vítimas Feridas;Plena Noite;Crescente;Nublado;Dupla;Reta;Sim;3;0;2;0;2;0;0;2;-1,364322;-48,27254;SPRF-PA;DEL01/PA;UOP01-DEL01-PA;;;
750538;06/02/2026;sexta-feira;14:20:00;PR;277;569;CASCAVEL;Velocidade Incompatível;Colisão com objeto;Sem Vítimas;Pleno dia;Decrescente;Céu Claro;Múltipla;Reta;Não;3;0;0;0;0;0;1;2;-25,021987;-53,278274;SPRF-PR;DEL04/PR;UOP01-DEL04-PR;;;
750544;06/02/2026;sexta-feira;17:00:00;MS;60;128,6;PARAISO DAS AGUAS;Ausência de reação do condutor;Colisão com objeto;Com Vítimas Feridas;Pleno dia;Crescente;Nublado;Simples;Reta;Não;8;0;2;0;2;3;0;6;-19,339675;-53,475686;SPRF-MS;DEL06/MS;UOP02-DEL06-MS;;;
750547;06/02/2026;sexta-feira;19:58:00;MG;116;531,5;CARATINGA;Reação tardia ou ineficiente do condutor;Colisão lateral sentido oposto;Com Vítimas Feridas;Plena Noite;Crescente;Céu Claro;Simples;Curva;Não;4;0;0;2;2;1;0;3;-19,827871;-42,139581;SPRF-MG;DEL06/MG;UOP02-DEL06-MG;;;
750550;06/02/2026;sexta-feira;11:40:00;MA;222;516,3;BURITICUPU;Acesso irregular;Colisão transversal;Com Vítimas Feridas;Pleno dia;Decrescente;Céu Claro;Simples;Curva;Não;6;0;0;2;2;1;0;3;-4,350517;-46,374785;SPRF-MA;DEL02-MA;UOP01-DEL02-MA;;;
750555;06/02/2026;sexta-feira;21:50:00;PR;277;533,7;GUARANIACU;Acessar a via sem observar a presença dos outros veículos;Colisão transversal;Com Vítimas Feridas;Plena Noite;Decrescente;Céu Claro;Simples;Reta;Sim;5;0;2;0;2;2;0;4;-25,096793;-52,96692;SPRF-PR;DEL04/PR;UOP04-DEL04-PR;;;
750556;06/02/2026;sexta-feira;20:00:00;BA;116;569;BREJOES;Manobra de mudança de faixa;Colisão frontal;Com Vítimas Feridas;Plena Noite;Decrescente;Céu Claro;Simples;Reta;Não;3;0;0;1;1;1;0;3;-13,033327;-39,964843;SPRF-BA;DEL03/BA;UOP02-DEL03-BA;;;
750561;06/02/2026;sexta-feira;21:30:00;MG;40;617,8;CONGONHAS;Ingestão de álcool pelo condutor;Colisão lateral mesmo sentido;Sem Vítimas;Plena Noite;Crescente;Nublado;Simples;Interseção de Vias;Reta;Não;2;0;0;0;0;2;0;2;-20,56723926;-43,81167982;SPRF-MG;DEL05/MG;UOP02-DEL05-MG;;
750563;06/02/2026;sexta-feira;22:22:00;RJ;465;22;RIO DE JANEIRO;Ausência de reação do condutor;Colisão traseira;Com Vítimas Feridas;Plena Noite;Crescente;Chuva;Simples;Reta;Não;4;0;3;0;3;1;0;2;-22,8676343;-43,59992981;SPRF-RJ;DEL03/RJ;UOP01-DEL03-RJ;;;
750567;06/02/2026;sexta-feira;23:52:00;PR;116;113;CURITIBA;Ingestão de álcool pelo condutor;Colisão lateral mesmo sentido;Sem Vítimas;Plena Noite;Crescente;Nublado;Dupla;Interseção de Vias;Não;3;0;0;0;0;2;0;3;-25,546848;-49,290545;SPRF-PR;DEL01/PR;UOP03-DEL01-PR;;;
750568;07/02/2026;sábado;01:57:00;GO;153;558;PROFESSOR JAMIL;Ausência de reação do condutor;Saída de leito carroçável;Com Vítimas Feridas;Plena Noite;Crescente;Garoa/Chuvisco;Dupla;Curva;Não;1;0;0;1;1;0;0;1;-17,200405;-49,208083;SPRF-GO;DEL03/GO;UOP01-DEL03-GO;;;
750572;07/02/2026;sábado;02:00:00;MG;381;323;NOVA ERA;Ausência de reação do condutor;Colisão traseira;Com Vítimas Feridas;Plena Noite;Crescente;Céu Claro;Dupla;Reta;Sim;2;0;1;0;1;1;0;2;-19,76051868;-43,03317625;SPRF-MG;DEL03/MG;UOP02-DEL03-MG;;;
750576;06/02/2026;sexta-feira;23:30:00;MT;364;493,6;JANGADA;Transitar na contramão;Colisão lateral sentido oposto;Com Vítimas Fatais;Plena Noite;Decrescente;Nublado;Simples;Reta;Sim;2;1;0;0;0;0;0;2;-15,243073;-56,481045;SPRF-MT;DEL01/MT;UOP01-DEL01-MT;;;
750586;07/02/2026;sábado;02:45:00;SC;101;271,7;IMBITUBA;Condutor deixou de manter distância do veículo da frente;Colisão traseira;Com Vítimas Feridas;Plena Noite;Decrescente;Céu Claro;Dupla;Reta;Não;4;0;2;0;2;1;0;2;-28,121229;-48,69722;SPRF-SC;DEL02/SC;UOP03-DEL02-SC;;;
750596;07/02/2026;sábado;05:15:00;MA;135;10;SAO LUIS;Reação tardia ou ineficiente do condutor;Colisão com objeto;Com Vítimas Feridas;Amanhecer;Crescente;Chuva;Dupla;Reta;Sim;2;0;1;1;2;0;0;1;-2,67226634;-44,29142743;SPRF-MA;DEL01-MA;UOP01-DEL01-MA;;;
750607;07/02/2026;sábado;03:50:00;PE;232;278;SERTANIA;Demais falhas mecânicas ou elétricas;Eventos atípicos;Sem Vítimas;Plena Noite;Crescente;Nublado;Simples;Curva;Aclive;Sim;2;0;0;0;0;1;0;3;-8,361912;-37,270265;SPRF-PE;DEL04/PE;UOP02-DEL04-PE;;
750615;07/02/2026;sábado;06:40:00;RS;285;202,4;LAGOA VERMELHA;Acostamento em desnível;Saída de leito carroçável;Sem Vítimas;Pleno dia;Decrescente;Nublado;Dupla;Aclive;Não;2;0;0;0;0;1;0;2;-28,215353;-51,554213;SPRF-RS;DEL08/RS;UOP05-DEL08-RS;;;
750618;06/02/2026;sexta-feira;23:00:00;BA;407;194,9;PONTO NOVO;Reação tardia ou ineficiente do condutor;Colisão frontal;Com Vítimas Feridas;Plena Noite;Crescente;Céu Claro;Simples;Reta;Não;3;0;0;1;1;1;0;3;-11,08897787;-40,0763526;SPRF-BA;DEL04/BA;UOP02-DEL04-BA;;;
750620;07/02/2026;sábado;08:20:00;PR;163;223,2;CASCAVEL;Manobra de mudança de faixa;Colisão lateral mesmo sentido;Com Vítimas Feridas;Pleno dia;Crescente;Céu Claro;Dupla;Reta;Não;3;0;1;0;1;2;0;2;-24,8791744;-53,5603509;SPRF-PR;DEL04/PR;UOP01-DEL04-PR;;;
750643;07/02/2026;sábado;11:00:00;PB;101;69;SANTA RITA;Problema com o freio;Saída de leito carroçável;Com Vítimas Feridas;Pleno dia;Crescente;Nublado;Dupla;Reta;Não;3;0;1;0;1;1;0;4;-7,05849191;-35,02571582;SPRF-PB;DEL01-PB;UOP03-DEL01-PB;;;
750648;07/02/2026;sábado;09:30:00;BA;101;25,3;ESPLANADA;Reação tardia ou ineficiente do condutor;Colisão traseira;Com Vítimas Feridas;Pleno dia;Crescente;Nublado;Dupla;Reta;Aclive;Não;3;0;1;0;1;1;0;5;-11,6984758;-37,90501486;SPRF-SE;DEL02-SE;UOP03-DEL02-SE;;
750651;07/02/2026;sábado;11:00:00;PA;316;221;VISEU;Reação tardia ou ineficiente do condutor;Tombamento;Com Vítimas Feridas;Pleno dia;Crescente;Nublado;Simples;Aclive;Reta;Sim;2;0;1;0;1;0;0;2;-1,679789;-46,7194;SPRF-PA;DEL01/PA;UOP03-DEL01-PA;;
750657;07/02/2026;sábado;13:00:00;MG;381;2;BETIM;Velocidade Incompatível;Tombamento;Com Vítimas Feridas;Pleno dia;Decrescente;Céu Claro;Dupla;Curva;Não;1;0;1;0;1;0;0;1;-19,978919;-44,160334;SPRF-MG;DEL01/MG;UOP03-DEL01-MG;;;
750660;07/02/2026;sábado;12:20:00;SP;116;170,1;JACAREI;Frear bruscamente;Saída de leito carroçável;Com Vítimas Feridas;Pleno dia;Crescente;Sol;Dupla;Curva;Declive;Não;3;0;1;0;1;1;0;3;-23,30763971;-46,05383277;SPRF-SP;DEL02/SP;UOP01-DEL02-SP;;
750667;07/02/2026;sábado;13:45:00;CE;116;160,2;RUSSAS;Acessar a via sem observar a presença dos outros veículos;Colisão transversal;Com Vítimas Feridas;Pleno dia;Decrescente;Nublado;Simples;Curva;Interseção de Vias;Sim;6;0;2;0;2;3;0;3;-4,92869099;-37,99001154;SPRF-CE;DEL03/CE;UOP01-DEL03-CE;;
750673;07/02/2026;sábado;13:35:00;PR;277;326;GUARAPUAVA;Objeto estático sobre o leito carroçável;Colisão lateral sentido oposto;Com Vítimas Feridas;Pleno dia;Decrescente;Chuva;Simples;Curva;Não;11;0;3;0;3;7;0;10;-25,37208947;-51,27867365;SPRF-PR;DEL08/PR;UOP01-DEL08-PR;;;
750675;07/02/2026;sábado;13:10:00;SC;101;13,5;GARUVA;Desrespeitar a preferência no cruzamento;Colisão transversal;Sem Vítimas;Pleno dia;Crescente;Nublado;Dupla;Interseção de Vias;Retorno Regulamentado;Reta;Declive;Não;2;0;0;0;0;2;0;2;-26,09482529;-48,86571631;SPRF-SC;DEL03/SC;UOP01-DEL03-SC
750679;07/02/2026;sábado;14:30:00;SC;282;383;HERVAL DOESTE;Chuva;Saída de leito carroçável;Com Vítimas Feridas;Pleno dia;Decrescente;Chuva;Múltipla;Curva;Aclive;Não;5;0;1;2;3;1;0;3;-27,1957889;-51,5068898;SPRF-SC;DEL07/SC;UOP05-DEL07-SC;;
750681;07/02/2026;sábado;13:00:00;BA;242;267;BOA VISTA DO TUPIM;Reação tardia ou ineficiente do condutor;Tombamento;Com Vítimas Feridas;Pleno dia;Decrescente;Céu Claro;Simples;Reta;Declive;Não;2;0;1;0;1;0;0;2;-12,453227;-40,593162;SPRF-BA;DEL06/BA;UOP02-DEL06-BA;;