id;data_inversa;dia_semana;horario;uf;br;km;municipio;causa_acidente;tipo_acidente;classificacao_acidente;fase_dia;sentido_via;condicao_metereologica;tipo_pista;tracado_via;uso_solo;pessoas;mortos;feridos_leves;feridos_graves;feridos;ilesos;ignorados;veiculos;latitude;longitude;regional;delegacia;uop;;;
751453;10/02/2026;terça-feira;18:25:00;PR;373;180;PONTA GROSSA;Ingestão de álcool pelo condutor;Colisão transversal;Sem Vítimas;Anoitecer;Decrescente;Nublado;Simples;Viaduto;Sim;3;0;0;0;0;1;0;3;-25,0399745;-50,2483017;SPRF-PR;DEL03/PR;UOP01-DEL03-PR;;;
751454;10/02/2026;terça-feira;20:00:00;SC;101;334;TUBARAO;Avarias e/ou desgaste excessivo no pneu;Colisão com objeto;Com Vítimas Feridas;Plena Noite;Crescente;Céu Claro;Múltipla;Reta;Sim;3;0;1;0;1;1;0;4;-28,470469;-49,018099;SPRF-SC;DEL02/SC;UOP01-DEL02-SC;;;
751455;10/02/2026;terça-feira;16:30:00;MG;262;431;NOVA SERRANA;Manobra de mudança de faixa;Colisão lateral mesmo sentido;Com Vítimas Feridas;Pleno dia;Crescente;Sol;Dupla;Aclive;Sim;4;0;1;0;1;2;0;4;-19,8810012;-44,9126475;SPRF-MG;DEL08/MG;UOP03-DEL08-MG;;;
751459;10/02/2026;terça-feira;20:50:00;RJ;101;239;SILVA JARDIM;Ausência de reação do condutor;Colisão traseira;Com Vítimas Feridas;Plena Noite;Crescente;Garoa/Chuvisco;Dupla;Reta;Não;3;0;1;0;1;1;0;3;-22,62404598;-42,42406766;SPRF-RJ;DEL02/RJ;UOP03-DEL02-RJ;;;
751460;10/02/2026;terça-feira;20:39:00;SC;101;92;BARRA VELHA;Ausência de reação do condutor;Colisão traseira;Com Vítimas Feridas;Plena Noite;Decrescente;Céu Claro;Dupla;Reta;Sim;3;0;1;0;1;1;0;3;-26,687303;-48,695402;SPRF-SC;DEL03/SC;UOP02-DEL03-SC;;;
751468;10/02/2026;terça-feira;15:10:00;MG;251;448,7;GRAO MOGOL;Pista Escorregadia;Saída de leito carroçável;Com Vítimas Feridas;Pleno dia;Decrescente;Chuva;Simples;Curva;Não;2;0;1;0;1;0;0;2;-16,43472298;-43,27433378;SPRF-MG;DEL12/MG;UOP01-DEL12-MG;;;
751470;10/02/2026;terça-feira;21:05:00;BA;324;554;AMELIA RODRIGUES;Demais falhas mecânicas ou elétricas;Incêndio;Sem Vítimas;Plena Noite;Crescente;Céu Claro;Dupla;Reta;Não;2;0;0;0;0;1;0;2;-12,47108078;-38,68252048;SPRF-BA;DEL11/BA;UOP02-DEL11-BA;;;
751475;11/02/2026;quarta-feira;04:00:00;SP;116;214;GUARULHOS;Ausência de reação do condutor;Colisão traseira;Com Vítimas Feridas;Amanhecer;Decrescente;Chuva;Múltipla;Reta;Aclive;Sim;2;0;1;0;1;1;0;2;-23,44460905;-46,44867575;SPRF-SP;DEL01/SP;UOP01-DEL01-SP;;
751478;11/02/2026;quarta-feira;00:00:00;SP;116;167,3;JACAREI;Reação tardia ou ineficiente do condutor;Colisão traseira;Com Vítimas Fatais;Plena Noite;Decrescente;Chuva;Dupla;Declive;Não;4;1;0;0;0;1;0;4;-23,302957;-46,027905;SPRF-SP;DEL02/SP;UOP01-DEL02-SP;;;
751482;10/02/2026;terça-feira;22:25:00;RJ;101;327;NITEROI;Reação tardia ou ineficiente do condutor;Colisão traseira;Com Vítimas Fatais;Plena Noite;Decrescente;Céu Claro;Dupla;Ponte;Reta;Não;2;1;0;0;0;1;0;2;-22,87043827;-43,16349602;SPRF-RJ;DEL02/RJ;UOP01-DEL02-RJ;;
751484;11/02/2026;quarta-feira;02:40:00;SC;101;174;GOVERNADOR CELSO RAMOS;Pedestre andava na pista;Atropelamento de Pedestre;Com Vítimas Feridas;Plena Noite;Decrescente;Nublado;Dupla;Reta;Não;2;0;1;0;1;1;0;2;-27,336;-48,627;SPRF-SC;DEL01/SC;UOP01-DEL01-SC;;;
751489;10/02/2026;terça-feira;21:45:00;CE;222;309;TIANGUA;Acessar a via sem observar a presença dos outros veículos;Colisão transversal;Com Vítimas Feridas;Pleno dia;Crescente;Céu Claro;Simples;Reta;Sim;2;0;1;0;1;1;0;2;-3,716;-40,99;SPRF-CE;DEL04/CE;UOP02-DEL04-CE;;;
751491;11/02/2026;quarta-feira;05:15:00;AL;316;193;MARIBONDO;Transitar no Acostamento;Colisão traseira;Com Vítimas Fatais;Amanhecer;Crescente;Chuva;Simples;Aclive;Reta;Não;3;1;0;0;0;1;0;3;-9,567817;-36,354632;SPRF-AL;DEL03-AL;UOP01-DEL03-AL;;
751499;11/02/2026;quarta-feira;06:47:00;PE;101;36,3;ITAPISSUMA;Ultrapassagem Indevida;Colisão traseira;Com Vítimas Feridas;Amanhecer;Decrescente;Nublado;Dupla;Reta;Não;3;0;0;1;1;1;0;4;-7,79516;-34,92753;SPRF-PE;DEL01/PE;UOP02-DEL01-PE;;;
751507;10/02/2026;terça-feira;21:50:00;MT;364;276,5;JACIARA;Reação tardia ou ineficiente do condutor;Tombamento;Com Vítimas Feridas;Plena Noite;Crescente;Chuva;Simples;Aclive;Não;2;0;1;0;1;0;0;3;-15,95105487;-54,99824524;SPRF-MT;DEL05/MT;UOP02-DEL05-MT;;;
751508;11/02/2026;quarta-feira;05:30:00;PR;376;502,8;PONTA GROSSA;Ausência de reação do condutor;Saída de leito carroçável;Com Vítimas Feridas;Amanhecer;Decrescente;Nublado;Dupla;Reta;Declive;Não;3;0;1;0;1;2;0;1;-25,2038516;-50,0688726;SPRF-PR;DEL03/PR;UOP03-DEL03-PR;;
751510;11/02/2026;quarta-feira;06:10:00;RN;304;113,8;ACU;Acessar a via sem observar a presença dos outros veículos;Engavetamento;Com Vítimas Feridas;Pleno dia;Crescente;Céu Claro;Simples;Interseção de Vias;Reta;Sim;3;0;1;0;1;2;0;3;-5,60903;-36,906588;SPRF-RN;DEL04-RN;UOP01-DEL04-RN;;
751515;11/02/2026;quarta-feira;06:30:00;PE;232;21,2;MORENO;Demais falhas mecânicas ou elétricas;Incêndio;Sem Vítimas;Pleno dia;Crescente;Sol;Dupla;Curva;Declive;Sim;2;0;0;0;0;1;0;2;-8,09671;-35,082133;SPRF-PE;DEL02/PE;UOP02-DEL02PE;;
751527;10/02/2026;terça-feira;22:00:00;BA;101;770;ITABELA;Velocidade Incompatível;Tombamento;Com Vítimas Feridas;Plena Noite;Crescente;Nublado;Simples;Declive;Curva;Não;1;0;1;0;1;0;0;1;-16,748515;-39,450938;SPRF-BA;DEL09/BA;UOP01-DEL09-BA;;
751528;11/02/2026;quarta-feira;08:30:00;PR;373;387;CANDOI;Manobra de mudança de faixa;Colisão lateral mesmo sentido;Sem Vítimas;Pleno dia;Crescente;Céu Claro;Simples;Reta;Não;2;0;0;0;0;2;0;2;-25,502979;-51,960392;SPRF-PR;DEL08/PR;UOP01-DEL08-PR;;;
751532;11/02/2026;quarta-feira;09:25:00;MG;40;482,8;SETE LAGOAS;Ausência de reação do condutor;Colisão traseira;Com Vítimas Feridas;Pleno dia;Decrescente;Nublado;Dupla;Reta;Aclive;Não;3;0;1;0;1;1;0;4;-19,53307;-44,25812;SPRF-MG;DEL02/MG;UOP01-DEL02-MG;;
751545;14/01/2026;quarta-feira;10:20:00;MG;381;945,6;EXTREMA;Velocidade Incompatível;Colisão traseira;Com Vítimas Feridas;Pleno dia;Crescente;Sol;Dupla;Reta;Declive;Não;11;0;1;0;1;9;0;7;-22,85940923;-46,34063244;SPRF-MG;DEL16/MG;UOP03-DEL16-MG;;
751550;11/02/2026;quarta-feira;10:55:00;PE;101;60;RECIFE;Trafegar com motocicleta (ou similar) entre as faixas;Colisão lateral mesmo sentido;Com Vítimas Feridas;Pleno dia;Decrescente;Céu Claro;Dupla;Curva;Sim;3;0;0;2;2;1;0;2;-7,982194;-34,931853;SPRF-PE;DEL01/PE;UOP02-DEL01-PE;;;
751555;11/02/2026;quarta-feira;10:50:00;SP;116;64,8;GUARATINGUETA;Estacionar ou parar em local proibido;Colisão traseira;Com Vítimas Feridas;Pleno dia;Decrescente;Céu Claro;Dupla;Curva;Sim;4;0;0;1;1;2;0;4;-22,82310941;-45,19160628;SPRF-SP;DEL08/SP;UOP01-DEL08-SP;;;
751556;11/02/2026;quarta-feira;11:30:00;PR;163;168;LINDOESTE;Ausência de reação do condutor;Saída de leito carroçável;Com Vítimas Feridas;Pleno dia;Decrescente;Céu Claro;Simples;Reta;Sim;1;0;1;0;1;0;0;1;-25,25476847;-53,57710361;SPRF-PR;DEL05/PR;UOP05-DEL05-PR;;;
751557;11/02/2026;quarta-feira;11:30:00;PE;101;79;RECIFE;Trafegar com motocicleta (ou similar) entre as faixas;Colisão lateral mesmo sentido;Com Vítimas Feridas;Pleno dia;Crescente;Sol;Dupla;Declive;Sim;3;0;1;0;1;1;0;3;-8,13473;-34,94745;SPRF-PE;DEL01/PE;UOP01-DEL01-PE;;;
751560;11/02/2026;quarta-feira;09:50:00;PR;376;675,8;GUARATUBA;Demais falhas mecânicas ou elétricas;Incêndio;Sem Vítimas;Pleno dia;Crescente;Céu Claro;Simples;Reta;Não;2;0;0;0;0;1;0;2;-25,93098235;-48,91222414;SPRF-PR;DEL01/PR;UOP04-DEL01-PR;;;
751561;11/02/2026;quarta-feira;11:40:00;SP;153;228,7;MARILIA;Transitar no Acostamento;Saída de leito carroçável;Com Vítimas Feridas;Pleno dia;Decrescente;Nublado;Simples;Reta;Declive;Não;3;0;2;0;2;0;0;2;-22,07248;-49,90146;SPRF-SP;DEL07/SP;UOP02-DEL07-SP;;
751563;11/02/2026;quarta-feira;11:12:00;GO;364;198;JATAI;Ultrapassagem Indevida;Colisão lateral mesmo sentido;Com Vítimas Feridas;Pleno dia;Crescente;Chuva;Simples;Em Obras;Curva;Não;3;0;1;0;1;1;0;3;-17,921403;-51,744307;SPRF-GO;DEL05/GO;UOP01-DEL05-GO;;
751565;08/02/2026;domingo;07:30:00;RO;364;316;PRESIDENTE MEDICI;Manobra de mudança de faixa;Colisão lateral mesmo sentido;Sem Vítimas;Pleno dia;Decrescente;Céu Claro;Simples;Reta;Não;3;0;0;0;0;2;0;5;-11,10199729;-61,90619342;SPRF-RO;DEL02-RO;UOP01-DEL02-RO;;;
751566;11/02/2026;quarta-feira;06:30:00;MG;116;634,9;DIVINO;Conversão proibida;Colisão transversal;Com Vítimas Feridas;Pleno dia;Crescente;Nublado;Simples;Curva;Não;3;0;1;0;1;1;0;4;-20,626;-42,222;SPRF-MG;DEL07/MG;UOP02-DEL07-MG;;;
751570;11/02/2026;quarta-feira;12:40:00;PR;116;102;SAO JOSE DOS PINHAIS;Ausência de reação do condutor;Colisão traseira;Com Vítimas Feridas;Pleno dia;Decrescente;Céu Claro;Dupla;Reta;Sim;2;0;0;1;1;1;0;2;-25,545045;-49,150713;SPRF-PR;DEL01/PR;UOP08-DEL01-PR;;;
751574;11/02/2026;quarta-feira;12:05:00;SC;101;76,8;ARAQUARI;Reação tardia ou ineficiente do condutor;Atropelamento de Pedestre;Com Vítimas Feridas;Pleno dia;Decrescente;Céu Claro;Dupla;Curva;Não;3;0;0;1;1;1;0;3;-26,56876333;-48,72029438;SPRF-SC;DEL03/SC;UOP02-DEL03-SC;;;
751576;11/02/2026;quarta-feira;09:30:00;PR;476;242;LAPA;Ausência de reação do condutor;Tombamento;Sem Vítimas;Pleno dia;Decrescente;Céu Claro;Simples;Curva;Não;2;0;0;0;0;1;0;2;-25,86015039;-50,08975983;SPRF-PR;DEL02/PR;UOP03-DEL02-PR;;;
751577;11/02/2026;quarta-feira;13:30:00;MG;381;355;JOAO MONLEVADE;Reação tardia ou ineficiente do condutor;Colisão traseira;Com Vítimas Feridas;Pleno dia;Decrescente;Céu Claro;Simples;Curva;Aclive;Não;22;0;1;0;1;21;0;2;-19,851216;-43,215476;SPRF-MG;DEL03/MG;UOP01-DEL03-MG;;
751580;11/02/2026;quarta-feira;13:35:00;SC;101;113,2;PALHOCA;Manobra de mudança de faixa;Colisão lateral mesmo sentido;Com Vítimas Feridas;Pleno dia;Decrescente;Céu Claro;Múltipla;Declive;Reta;Viaduto;Sim;3;0;1;0;1;1;0;3;-27,638882;-48,666338;SPRF-SC;DEL04/SC;UOP04-DEL04-SC;
751581;23/01/2026;sexta-feira;05:40:00;ES;101;388,5;RIO NOVO DO SUL;Reação tardia ou ineficiente do condutor;Colisão lateral sentido oposto;Com Vítimas Feridas;Pleno dia;Crescente;Chuva;Simples;Curva;Não;5;0;2;0;2;1;0;5;-20,86076;-40,87616;SPRF-ES;DEL03-ES;UOP02-DEL03-ES;;;
751586;11/02/2026;quarta-feira;12:15:00;RS;285;643;SANTO ANTONIO DAS MISSOES;Ausência de reação do condutor;Colisão traseira;Sem Vítimas;Pleno dia;Crescente;Céu Claro;Simples;Reta;Não;5;0;0;0;0;5;0;2;-28,591521;-55,640743;SPRF-RS;DEL12/RS;UOP01-DEL12-RS;;;
751589;11/02/2026;quarta-feira;10:30:00;MS;60;516;NIOAQUE;Ausência de reação do condutor;Saída de leito carroçável;Com Vítimas Feridas;Pleno dia;Crescente;Céu Claro;Dupla;Curva;Declive;Não;2;0;1;0;1;0;0;3;-21,1757387;-55,63564313;SPRF-MS;DEL05/MS;UOP01-DEL05-MS;;
751590;04/02/2026;quarta-feira;23:45:00;PE;232;274,9;SERTANIA;Ausência de reação do condutor;Colisão traseira;Sem Vítimas;Plena Noite;Decrescente;Céu Claro;Simples;Reta;Em Obras;Não;37;0;0;0;0;37;0;2;-8,377732;-37,255588;SPRF-PE;DEL04/PE;UOP02-DEL04-PE;;
751592;11/02/2026;quarta-feira;11:00:00;MT;364;1155;CAMPOS DE JULIO;Acumulo de água sobre o pavimento;Colisão lateral sentido oposto;Com Vítimas Fatais;Pleno dia;Crescente;Chuva;Simples;Curva;Não;4;1;0;0;0;1;0;9;-13,55203789;-59,03633481;SPRF-MT;DEL04/MT;UOP02-DEL04-MT;;;
751594;11/02/2026;quarta-feira;15:00:00;RJ;40;120;DUQUE DE CAXIAS;Manobra de mudança de faixa;Colisão lateral mesmo sentido;Com Vítimas Feridas;Pleno dia;Decrescente;Sol;Dupla;Reta;Sim;2;0;1;0;1;1;0;2;-22,7773364;-43,2882327;SPRF-RJ;DEL01/RJ;UOP02-DEL01-RJ;;;
751595;11/02/2026;quarta-feira;14:20:00;BA;101;701;EUNAPOLIS;Curva acentuada;Tombamento;Com Vítimas Feridas;Pleno dia;Crescente;Sol;Simples;Curva;Não;2;0;1;0;1;0;0;2;-16,255135;-39,597277;SPRF-BA;DEL09/BA;UOP01-DEL09-BA;;;
751600;11/02/2026;quarta-feira;14:40:00;RS;285;209,2;LAGOA VERMELHA;Ausência de reação do condutor;Colisão traseira;Com Vítimas Feridas;Pleno dia;Decrescente;Céu Claro;Simples;Curva;Aclive;Não;2;0;1;0;1;1;0;2;-28,225529;-51,61833;SPRF-RS;DEL08/RS;UOP05-DEL08-RS;;
751601;11/02/2026;quarta-feira;10:10:00;SC;282;202,6;LAGES;Reação tardia ou ineficiente do condutor;Colisão lateral mesmo sentido;Sem Vítimas;Pleno dia;Decrescente;Céu Claro;Simples;Reta;Não;3;0;0;0;0;3;0;2;-27,7718581;-50,19125462;SPRF-SC;DEL05/SC;UOP01-DEL05-SC;;;
751605;02/01/2026;sexta-feira;14:13:00;BA;324;513;FEIRA DE SANTANA;Pedestre cruzava a pista fora da faixa;Atropelamento de Pedestre;Com Vítimas Feridas;Pleno dia;Crescente;Ignorado;Simples;Reta;Sim;2;0;0;1;1;1;0;2;-12,23064166;-38,96095276;SPRF-BA;DEL02/BA;UOP01-DEL02-BA;;;
751615;11/02/2026;quarta-feira;17:10:00;PR;369;166,5;CAMBE;Velocidade Incompatível;Colisão traseira;Com Vítimas Feridas;Pleno dia;Decrescente;Nublado;Dupla;Reta;Sim;4;0;1;0;1;2;0;3;-23,2953684;-51,308994;SPRF-PR;DEL07/PR;UOP01-DEL07-PR;;;
751617;11/02/2026;quarta-feira;17:35:00;ES;101;394;RIO NOVO DO SUL;Acostamento em desnível;Tombamento;Com Vítimas Feridas;Anoitecer;Crescente;Céu Claro;Simples;Curva;Aclive;Não;2;0;0;1;1;0;0;2;-20,865363;-40,927797;SPRF-ES;DEL03-ES;UOP02-DEL03-ES;;
751624;11/02/2026;quarta-feira;16:10:00;PR;376;408;TIBAGI;Demais falhas mecânicas ou elétricas;Incêndio;Sem Vítimas;Pleno dia;Crescente;Céu Claro;Dupla;Declive;Reta;Não;2;0;0;0;0;1;0;2;-24,63895362;-50,63242143;SPRF-PR;DEL03/PR;UOP02-DEL03-PR;;
751625;11/02/2026;quarta-feira;15:00:00;MG;262;552;CORREGO DANTA;Condutor Dormindo;Tombamento;Com Vítimas Feridas;Pleno dia;Decrescente;Garoa/Chuvisco;Simples;Curva;Não;2;0;1;0;1;0;0;2;-19,74411571;-45,96162558;SPRF-MG;DEL08/MG;UOP02-DEL08-MG;;;
751626;11/02/2026;quarta-feira;17:18:00;MT;364;203;RONDONOPOLIS;Ausência de reação do condutor;Colisão traseira;Com Vítimas Feridas;Pleno dia;Crescente;Céu Claro;Dupla;Retorno Regulamentado;Sim;2;0;0;1;1;1;0;2;-16,33781392;-54,74649811;SPRF-MT;DEL02/MT;UOP01-DEL02-MT;;;
751627;11/02/2026;quarta-feira;17:00:00;GO;60;202,2;GUAPO;Chuva;Colisão com objeto;Com Vítimas Feridas;Pleno dia;Decrescente;Chuva;Dupla;Curva;Não;1;0;1;0;1;0;0;1;-16,898708;-49,637077;SPRF-GO;DEL01/GO;UOP02-DEL01-GO;;;
751630;11/02/2026;quarta-feira;16:30:00;MT;70;57,7;BARRA DO GARCAS;Acumulo de água sobre o pavimento;Colisão frontal;Com Vítimas Fatais;Pleno dia;Decrescente;Chuva;Simples;Curva;Declive;Não;6;1;0;2;2;2;0;5;-15,71815;-52,66088;SPRF-MT;DEL07/MT;UOP01-DEL07-MT;;
751638;11/02/2026;quarta-feira;15:58:00;MG;116;435,8;ENGENHEIRO CALDAS;Conversão proibida;Colisão transversal;Com Vítimas Feridas;Pleno dia;Decrescente;Nublado;Simples;Reta;Não;2;0;1;0;1;1;0;2;-19,044507;-41,992976;SPRF-MG;DEL06/MG;UOP01-DEL06-MG;;;
751643;11/02/2026;quarta-feira;19:30:00;MG;116;536;SANTA RITA DE MINAS;Suicídio (presumido);Atropelamento de Pedestre;Com Vítimas Feridas;Plena Noite;Decrescente;Céu Claro;Simples;Reta;Sim;3;0;0;1;1;1;0;3;-19,866778;-42,134938;SPRF-MG;DEL06/MG;UOP02-DEL06-MG;;;
751645;25/01/2026;domingo;12:25:00;PR;277;504,5;GUARANIACU;Ausência de reação do condutor;Tombamento;Com Vítimas Feridas;Pleno dia;Crescente;Sol;Simples;Curva;Não;2;0;1;0;1;0;0;2;-25,143701;-52,702028;SPRF-PR;DEL04/PR;UOP04-DEL04-PR;;;
751657;22/01/2026;quinta-feira;21:15:00;MG;50;72;UBERLANDIA;Desrespeitar a preferência no cruzamento;Colisão transversal;Com Vítimas Feridas;Plena Noite;Crescente;Chuva;Dupla;Interseção de Vias;Não;2;0;1;0;1;1;0;2;-18,90306796;-48,2356867;SPRF-MG;DEL15/MG;UOP01-DEL15-MG;;;
751661;11/02/2026;quarta-feira;21:00:00;ES;101;297,5;VIANA;Manobra de mudança de faixa;Colisão lateral mesmo sentido;Com Vítimas Feridas;Plena Noite;Decrescente;Céu Claro;Dupla;Reta;Sim;3;0;1;0;1;1;0;3;-20,35089497;-40,41304261;SPRF-ES;DEL01-ES;UOP01-DEL01-ES;;;
751665;11/02/2026;quarta-feira;20:40:00;SP;116;370;MIRACATU;Manobra de mudança de faixa;Colisão lateral mesmo sentido;Com Vítimas Feridas;Plena Noite;Decrescente;Céu Claro;Dupla;Reta;Sim;3;0;1;1;2;1;0;2;-24,2642339;-47,3845061;SPRF-SP;DEL04/SP;UOP02-DEL04-SP;;;
751673;11/02/2026;quarta-feira;19:30:00;MT;70;399;CAMPO VERDE;Ingestão de álcool pelo condutor;Tombamento;Sem Vítimas;Plena Noite;Crescente;Nublado;Simples;Reta;Não;2;0;0;0;0;1;0;4;-15,658695;-55,231632;SPRF-MT;DEL05/MT;UOP02-DEL05-MT;;;
751675;11/02/2026;quarta-feira;19:30:00;MT;70;377;CAMPO VERDE;Reação tardia ou ineficiente do condutor;Colisão lateral sentido oposto;Com Vítimas Feridas;Plena Noite;Decrescente;Céu Claro;Simples;Reta;Não;4;0;1;0;1;1;0;5;-15,515691;-55,119482;SPRF-MT;DEL05/MT;UOP02-DEL05-MT;;;
751678;11/02/2026;quarta-feira;20:45:00;MG;381;930;ITAPEVA;Problema com o freio;Incêndio;Sem Vítimas;Plena Noite;Decrescente;Céu Claro;Dupla;Reta;Sim;2;0;0;0;0;1;0;2;-22,78224418;-46,24030128;SPRF-MG;DEL16/MG;UOP03-DEL16-MG;;;
751689;12/02/2026;quinta-feira;01:26:00;SP;116;351;MIRACATU;Demais falhas mecânicas ou elétricas;Incêndio;Sem Vítimas;Plena Noite;Decrescente;Nevoeiro/Neblina;Dupla;Reta;Aclive;Não;1;0;0;0;0;1;0;1;-24,0563;-47,21968;SPRF-SP;DEL04/SP;UOP03-DEL04-SP;;
751691;12/02/2026;quinta-feira;01:36:00;PE;101;65;RECIFE;Acumulo de água sobre o pavimento;Colisão traseira;Com Vítimas Feridas;Plena Noite;Decrescente;Chuva;Dupla;Reta;Sim;4;0;0;1;1;3;0;2;-8,03369;-34,94182;SPRF-PE;DEL01/PE;UOP01-DEL01-PE;;;
751692;12/02/2026;quinta-feira;01:55:00;MG;381;552,5;ITAGUARA;Condutor Dormindo;Colisão traseira;Com Vítimas Feridas;Plena Noite;Decrescente;Céu Claro;Dupla;Reta;Não;3;0;1;0;1;1;0;5;-20,3553304;-44,45393931;SPRF-MG;DEL04/MG;UOP03-DEL04-MG;;;
751693;12/02/2026;quinta-feira;01:30:00;PB;230;142,5;CAMPINA GRANDE;Condutor Dormindo;Saída de leito carroçável;Com Vítimas Feridas;Plena Noite;Crescente;Céu Claro;Dupla;Reta;Aclive;Não;1;0;1;0;1;0;0;1;-7,25588113;-35,8213917;SPRF-PB;DEL02-PB;UOP01-DEL02-PB;;
751696;12/02/2026;quinta-feira;03:40:00;MG;381;364,2;SAO GONCALO DO RIO ABAIXO;Condutor Dormindo;Tombamento;Com Vítimas Feridas;Plena Noite;Decrescente;Nublado;Simples;Curva;Não;2;0;0;2;2;0;0;1;-19,852238;-43,271374;SPRF-MG;DEL03/MG;UOP01-DEL03-MG;;;
751698;12/02/2026;quinta-feira;03:00:00;RS;287;355;JAGUARI;Curva acentuada;Tombamento;Com Vítimas Feridas;Plena Noite;Decrescente;Céu Claro;Simples;Declive;Curva;Em Obras;Interseção de Vias;Não;3;0;0;2;2;0;0;2;-29,4813654;-54,6892153;SPRF-RS;DEL12/RS;UOP02-DEL12-RS
751701;11/02/2026;quarta-feira;23:00:00;BA;116;862,5;VITORIA DA CONQUISTA;Ingestão de álcool pelo condutor;Saída de leito carroçável;Com Vítimas Feridas;Plena Noite;Crescente;Céu Claro;Simples;Reta;Não;1;0;1;0;1;0;0;1;-15,1587041;-41,05621442;SPRF-BA;DEL08/BA;UOP01-DEL08-BA;;;
751702;12/02/2026;quinta-feira;04:20:00;RS;116;503;PELOTAS;Condutor Dormindo;Tombamento;Com Vítimas Feridas;Plena Noite;Crescente;Nublado;Dupla;Reta;Não;1;0;1;0;1;0;0;1;-31,5767219;-52,2678805;SPRF-RS;DEL07/RS;UOP01-DEL07-RS;;;
751710;11/02/2026;quarta-feira;20:30:00;BA;242;357;LENCOIS;Demais falhas mecânicas ou elétricas;Incêndio;Sem Vítimas;Plena Noite;Decrescente;Céu Claro;Simples;Reta;Não;1;0;0;0;0;0;1;1;-12,48019945;-41,35734558;SPRF-BA;DEL06/BA;UOP02-DEL06-BA;;;
751718;12/02/2026;quinta-feira;07:00:00;GO;60;174,5;ABADIA DE GOIAS;Reação tardia ou ineficiente do condutor;Colisão traseira;Com Vítimas Feridas;Amanhecer;Decrescente;Sol;Dupla;Reta;Aclive;Sim;2;0;0;1;1;1;0;2;-16,75677;-49,443695;SPRF-GO;DEL01/GO;UOP02-DEL01-GO;;
751724;12/02/2026;quinta-feira;06:50:00;BA;116;901;CANDIDO SALES;Demais falhas mecânicas ou elétricas;Incêndio;Sem Vítimas;Pleno dia;Crescente;Nublado;Simples;Declive;Não;1;0;0;0;0;1;0;1;-15,444711;-41,225505;SPRF-BA;DEL08/BA;UOP03-DEL08-BA;;;
751731;12/02/2026;quinta-feira;08:55:00;RS;290;88;PORTO ALEGRE;Manobra de mudança de faixa;Colisão lateral mesmo sentido;Com Vítimas Feridas;Pleno dia;Decrescente;Céu Claro;Dupla;Reta;Não;2;0;1;0;1;1;0;2;-29,9673102;-51,1384483;SPRF-RS;DEL01/RS;UOP01-DEL01-RS;;;
751733;09/02/2026;segunda-feira;04:45:00;MS;436;1;APARECIDA DO TABOADO;Reação tardia ou ineficiente do condutor;Tombamento;Com Vítimas Feridas;Amanhecer;Decrescente;Nublado;Simples;Rotatória;Não;1;0;1;0;1;0;0;1;-20,08766;-51,12932;SPRF-MS;DEL08/MS;UOP01-DEL08-MS;;;
751743;12/02/2026;quinta-feira;08:10:00;SP;116;202;ARUJA;Trafegar com motocicleta (ou similar) entre as faixas;Colisão lateral mesmo sentido;Com Vítimas Fatais;Pleno dia;Crescente;Sol;Dupla;Reta;Aclive;Não;3;1;0;0;0;1;0;3;-23,41044124;-46,34637165;SPRF-SP;DEL01/SP;UOP01-DEL01-SP;;
751744;12/02/2026;quinta-feira;05:50:00;PR;376;253;CALIFORNIA;Transitar na contramão;Colisão frontal;Com Vítimas Feridas;Amanhecer;Crescente;Céu Claro;Simples;Reta;Não;3;0;0;2;2;0;0;3;-23,64766917;-51,37549281;SPRF-PR;DEL07/PR;UOP03-DEL07-PR;;;
751746;11/02/2026;quarta-feira;14:30:00;PR;280;292,6;FLOR DA SERRA DO SUL;Problema com o freio;Incêndio;Sem Vítimas;Pleno dia;Crescente;Céu Claro;Simples;Reta;Não;2;0;0;0;0;1;0;2;-26,249832;-53,336041;SPRF-PR;DEL02/PR;UOP01-DEL02-PR;;;
751747;12/02/2026;quinta-feira;08:02:00;RO;364;346;JI-PARANA;Acessar a via sem observar a presença dos outros veículos;Colisão transversal;Com Vítimas Feridas;Pleno dia;Crescente;Céu Claro;Simples;Reta;Sim;3;0;2;0;2;1;0;2;-10,86468166;-61,97046429;SPRF-RO;DEL02-RO;UOP01-DEL02-RO;;;
751749;12/02/2026;quinta-feira;09:00:00;CE;116;57;PACAJUS;Reação tardia ou ineficiente do condutor;Colisão frontal;Com Vítimas Feridas;Pleno dia;Crescente;Céu Claro;Simples;Reta;Não;4;0;1;0;1;2;0;6;-4,22564289;-38,47725391;SPRF-CE;DEL01/CE;UOP04-DEL01-CE;;;
751751;12/02/2026;quinta-feira;10:05:00;PB;104;144,2;QUEIMADAS;Reação tardia ou ineficiente do condutor;Saída de leito carroçável;Com Vítimas Feridas;Pleno dia;Crescente;Chuva;Simples;Declive;Não;2;0;1;0;1;0;0;2;-7,40711;-35,896517;SPRF-PB;DEL02-PB;UOP03-DEL02-PB;;;
751759;12/02/2026;quinta-feira;10:51:00;TO;153;193;NOVA OLINDA;Reação tardia ou ineficiente do condutor;Colisão traseira;Com Vítimas Feridas;Pleno dia;Crescente;Sol;Simples;Reta;Não;3;0;1;0;1;1;0;3;-7,59118;-48,419877;SPRF-TO;DEL02-TO;UOP01-DEL02-TO;;;