id;data_inversa;dia_semana;horario;uf;br;km;municipio;causa_acidente;tipo_acidente;classificacao_acidente;fase_dia;sentido_via;condicao_metereologica;tipo_pista;tracado_via;uso_solo;pessoas;mortos;feridos_leves;feridos_graves;feridos;ilesos;ignorados;veiculos;latitude;longitude;regional;delegacia;uop;;;
761604;29/03/2026;domingo;18:20:00;MA;230;422,9;BALSAS;Ultrapassagem Indevida;Colisão frontal;Com Vítimas Fatais;Anoitecer;Decrescente;Céu Claro;Simples;Reta;Não;6;1;3;1;4;1;0;4;-7,470052;-46,203372;SPRF-MA;DEL05-MA;UOP01-DEL05-MA;;;
761612;29/03/2026;domingo;21:30:00;MG;50;26,8;ARAGUARI;Ausência de reação do condutor;Colisão traseira;Com Vítimas Feridas;Plena Noite;Crescente;Céu Claro;Dupla;Reta;Declive;Não;4;0;1;0;1;2;0;3;-18,610853;-48,075416;SPRF-MG;DEL15/MG;UOP02-DEL15-MG;;
761620;29/03/2026;domingo;22:40:00;PR;373;174;PONTA GROSSA;Ingestão de álcool pelo condutor;Colisão frontal;Sem Vítimas;Plena Noite;Crescente;Ignorado;Dupla;Curva;Sim;2;0;0;0;0;1;0;2;-25,065273;-50,212887;SPRF-PR;DEL03/PR;UOP01-DEL03-PR;;;
761623;29/03/2026;domingo;19:15:00;PR;373;412;CANDOI;Acessar a via sem observar a presença dos outros veículos;Colisão transversal;Com Vítimas Feridas;Plena Noite;Crescente;Céu Claro;Simples;Reta;Não;3;0;0;1;1;1;0;5;-25,65406095;-52,11223125;SPRF-PR;DEL08/PR;UOP01-DEL08-PR;;;
761626;29/03/2026;domingo;23:12:00;TO;153;178;ARAGUAINA;Demais falhas mecânicas ou elétricas;Incêndio;Sem Vítimas;Plena Noite;Decrescente;Céu Claro;Simples;Reta;Não;2;0;0;0;0;1;0;3;-7,47478259;-48,37673712;SPRF-TO;DEL02-TO;UOP01-DEL02-TO;;;
761633;29/03/2026;domingo;23:55:00;CE;20;382;CAUCAIA;Transitar na contramão;Colisão frontal;Com Vítimas Fatais;Plena Noite;Crescente;Céu Claro;Simples;Reta;Não;3;1;0;0;0;1;0;3;-3,897967;-38,838927;SPRF-CE;DEL01/CE;UOP01-DEL01-CE;;;
761644;30/03/2026;segunda-feira;00:10:00;MG;381;421,5;CAETE;Reação tardia ou ineficiente do condutor;Colisão traseira;Com Vítimas Feridas;Plena Noite;Crescente;Céu Claro;Dupla;Aclive;Reta;Não;3;0;0;1;1;1;0;3;-19,79546541;-43,67607303;SPRF-MG;DEL01/MG;UOP01-DEL01-MG;;
761649;30/03/2026;segunda-feira;04:30:00;RJ;101;67;CAMPOS DOS GOYTACAZES;Manobra de mudança de faixa;Colisão frontal;Com Vítimas Feridas;Amanhecer;Decrescente;Nevoeiro/Neblina;Simples;Reta;Sim;2;0;1;0;1;1;0;2;-21,77308029;-41,35933959;SPRF-RJ;DEL08/RJ;UOP02-DEL08-RJ;;;
761656;30/03/2026;segunda-feira;04:30:00;PA;163;74;ALTAMIRA;Ausência de reação do condutor;Colisão traseira;Com Vítimas Feridas;Plena Noite;Crescente;Céu Claro;Simples;Reta;Não;3;0;1;0;1;1;0;6;-8,9714;-54,9796;SPRF-MT;DEL06/MT;UOP03-DEL06-MT;;;
761658;30/03/2026;segunda-feira;06:00:00;SP;381;88;SAO PAULO;Manobra de mudança de faixa;Colisão lateral mesmo sentido;Sem Vítimas;Pleno dia;Crescente;Céu Claro;Dupla;Reta;Sim;2;0;0;0;0;1;0;2;-23,4319444;-46,575825;SPRF-SP;DEL03/SP;UOP01-DEL03-SP;;;
761659;30/03/2026;segunda-feira;05:00:00;MG;381;889,3;CAMBUI;Condutor Dormindo;Atropelamento de Pedestre;Com Vítimas Fatais;Plena Noite;Decrescente;Ignorado;Dupla;Curva;Não;2;1;0;0;0;0;0;2;-22,53354392;-46,03338754;SPRF-MG;DEL16/MG;UOP01-DEL16-MG;;;
761662;29/03/2026;domingo;15:00:00;PR;153;125;IBAITI;Velocidade Incompatível;Tombamento;Com Vítimas Feridas;Pleno dia;Decrescente;Céu Claro;Simples;Curva;Aclive;Não;2;0;1;0;1;0;0;4;-23,967365;-50,235083;SPRF-PR;DEL07/PR;UOP04-DEL07-PR;;
761663;30/03/2026;segunda-feira;05:35:00;PR;277;8,9;PARANAGUA;Ausência de reação do condutor;Saída de leito carroçável;Com Vítimas Feridas;Pleno dia;Decrescente;Céu Claro;Dupla;Reta;Aclive;Não;2;0;1;0;1;0;0;4;-25,566403;-48,605812;SPRF-PR;DEL01/PR;UOP05-DEL01-PR;;
761667;30/03/2026;segunda-feira;01:55:00;BA;116;274;TUCANO;Demais Fenômenos da natureza;Atropelamento de Pedestre;Com Vítimas Fatais;Plena Noite;Decrescente;Chuva;Simples;Aclive;Curva;Sim;2;1;0;0;0;0;0;2;-10,969595;-38,790913;SPRF-BA;DEL07/BA;UOP02-DEL07-BA;;
761675;29/03/2026;domingo;22:10:00;MG;40;19;PARACATU;Ausência de reação do condutor;Colisão lateral sentido oposto;Sem Vítimas;Plena Noite;Decrescente;Céu Claro;Simples;Curva;Não;2;0;0;0;0;2;0;2;-17,10842562;-47,0178787;SPRF-MG;DEL14/MG;UOP01-DEL14-MG;;;
761678;30/03/2026;segunda-feira;07:30:00;PE;101;74,7;RECIFE;Manobra de mudança de faixa;Colisão lateral mesmo sentido;Com Vítimas Feridas;Pleno dia;Decrescente;Céu Claro;Dupla;Reta;Sim;4;0;1;0;1;2;0;3;-8,08679505;-34,94631886;SPRF-PE;DEL01/PE;UOP01-DEL01-PE;;;
761680;30/03/2026;segunda-feira;07:00:00;PR;277;580,9;CASCAVEL;Desrespeitar a preferência no cruzamento;Colisão transversal;Com Vítimas Feridas;Pleno dia;Decrescente;Sol;Dupla;Reta;Retorno Regulamentado;Não;5;0;3;0;3;1;0;4;-24,9831158;-53,35676048;SPRF-PR;DEL04/PR;UOP01-DEL04-PR;;
761681;30/03/2026;segunda-feira;06:30:00;SP;116;143;SAO JOSE DOS CAMPOS;Ausência de reação do condutor;Engavetamento;Com Vítimas Feridas;Pleno dia;Decrescente;Nublado;Dupla;Reta;Não;3;0;1;0;1;0;0;3;-23,1767155;-45,8340128;SPRF-SP;DEL02/SP;UOP01-DEL02-SP;;;
761687;02/03/2026;segunda-feira;19:30:00;BA;116;796,3;VITORIA DA CONQUISTA;Reação tardia ou ineficiente do condutor;Colisão traseira;Com Vítimas Feridas;Plena Noite;Crescente;Nevoeiro/Neblina;Simples;Reta;Não;6;0;2;2;4;2;0;2;-14,731218;-40,641182;SPRF-BA;DEL08/BA;UOP02-DEL08-BA;;;
761696;30/03/2026;segunda-feira;00:39:00;PA;163;484;ITAITUBA;Reação tardia ou ineficiente do condutor;Tombamento;Sem Vítimas;Plena Noite;Crescente;Céu Claro;Simples;Declive;Reta;Não;1;0;0;0;0;0;1;1;-5,643904;-55,79045;SPRF-PA;DEL05/PA;UOP03-DEL05-PA;;
761702;30/03/2026;segunda-feira;09:21:00;MG;40;567,7;NOVA LIMA;Reação tardia ou ineficiente do condutor;Colisão lateral sentido oposto;Com Vítimas Fatais;Pleno dia;Decrescente;Nublado;Simples;Reta;Declive;Sim;8;1;3;1;4;1;0;5;-20,189114;-43,96965;SPRF-MG;DEL01/MG;UOP02-DEL01-MG;;
761709;30/03/2026;segunda-feira;09:07:00;MG;365;625,8;UBERLANDIA;Ausência de reação do condutor;Colisão lateral mesmo sentido;Com Vítimas Feridas;Pleno dia;Crescente;Céu Claro;Dupla;Ponte;Sim;4;0;1;0;1;3;0;3;-18,91007241;-48,30612302;SPRF-MG;DEL15/MG;UOP01-DEL15-MG;;;
761711;30/03/2026;segunda-feira;08:25:00;GO;60;89,3;ANAPOLIS;Ausência de reação do condutor;Colisão traseira;Sem Vítimas;Pleno dia;Crescente;Céu Claro;Simples;Interseção de Vias;Curva;Sim;2;0;0;0;0;2;0;2;-16,33696541;-48,89666855;SPRF-GO;DEL02/GO;UOP01-DEL02-GO;;
761717;30/03/2026;segunda-feira;09:00:00;ES;101;297;VIANA;Condutor deixou de manter distância do veículo da frente;Colisão lateral mesmo sentido;Com Vítimas Feridas;Pleno dia;Crescente;Céu Claro;Dupla;Reta;Sim;7;0;1;0;1;5;0;7;-20,351;-40,413;SPRF-ES;DEL01-ES;UOP01-DEL01-ES;;;
761719;30/03/2026;segunda-feira;08:00:00;MG;381;570,5;ITAGUARA;Ausência de reação do condutor;Saída de leito carroçável;Com Vítimas Feridas;Pleno dia;Decrescente;Céu Claro;Dupla;Curva;Não;2;0;1;0;1;0;0;2;-20,422093;-44,537028;SPRF-MG;DEL04/MG;UOP03-DEL04-MG;;;
761726;30/03/2026;segunda-feira;00:25:00;BA;101;609;MASCOTE;Velocidade Incompatível;Saída de leito carroçável;Com Vítimas Feridas;Plena Noite;Decrescente;Nevoeiro/Neblina;Simples;Curva;Não;3;0;2;0;2;0;0;2;-15,578195;-39,408345;SPRF-BA;DEL05/BA;UOP02-DEL05-BA;;;
761729;30/03/2026;segunda-feira;11:40:00;SC;101;195;BIGUACU;Demais falhas mecânicas ou elétricas;Saída de leito carroçável;Com Vítimas Feridas;Pleno dia;Decrescente;Nublado;Múltipla;Reta;Sim;1;0;1;0;1;0;0;1;-27,51006038;-48,64409208;SPRF-SC;DEL01/SC;UOP01-DEL01-SC;;;
761737;30/03/2026;segunda-feira;08:15:00;MS;163;18;MUNDO NOVO;Acessar a via sem observar a presença dos outros veículos;Colisão transversal;Sem Vítimas;Pleno dia;Crescente;Céu Claro;Simples;Reta;Sim;4;0;0;0;0;3;0;4;-23,94;-54,3;SPRF-MS;DEL09/MS;UOP02-DEL09-MS;;;
761744;30/03/2026;segunda-feira;08:15:00;MG;116;127,7;ITAOBIM;Demais falhas mecânicas ou elétricas;Tombamento;Com Vítimas Feridas;Pleno dia;Decrescente;Nublado;Simples;Declive;Curva;Não;2;0;1;0;1;0;0;2;-16,668792;-41,500388;SPRF-MG;DEL11/MG;UOP02-DEL11-MG;;
761746;30/03/2026;segunda-feira;11:44:00;TO;153;402;MIRANORTE;Condutor deixou de manter distância do veículo da frente;Colisão traseira;Com Vítimas Feridas;Pleno dia;Crescente;Nublado;Simples;Declive;Reta;Não;3;0;1;0;1;1;0;6;-9,433602;-48,574228;SPRF-TO;DEL02-TO;UOP02-DEL02-TO;;
761750;30/03/2026;segunda-feira;08:00:00;MT;163;850;SINOP;Demais falhas mecânicas ou elétricas;Colisão com objeto;Com Vítimas Feridas;Pleno dia;Crescente;Céu Claro;Simples;Reta;Em Obras;Não;3;0;0;2;2;0;0;5;-11,725861;-55,460035;SPRF-MT;DEL06/MT;UOP02-DEL06-MT;;
761761;10/03/2026;terça-feira;09:30:00;MS;163;138,6;NAVIRAI;Demais falhas mecânicas ou elétricas;Incêndio;Sem Vítimas;Pleno dia;Decrescente;Nublado;Simples;Reta;Não;2;0;0;0;0;1;0;3;-23,009522;-54,334193;SPRF-MS;DEL09/MS;UOP01-DEL09-MS;;;
761765;30/03/2026;segunda-feira;11:30:00;BA;242;425;SEABRA;Mal súbito do condutor;Colisão frontal;Com Vítimas Feridas;Pleno dia;Decrescente;Céu Claro;Simples;Reta;Não;3;0;1;0;1;2;0;2;-12,40011373;-41,87756538;SPRF-BA;DEL06/BA;UOP01-DEL06-BA;;;
761769;13/02/2026;sexta-feira;08:00:00;PE;101;71,8;RECIFE;Acessar a via sem observar a presença dos outros veículos;Colisão traseira;Com Vítimas Fatais;Pleno dia;Decrescente;Nublado;Dupla;Reta;Sim;2;1;0;0;0;1;0;2;-8,08414;-34,94426;SPRF-PE;DEL01/PE;UOP01-DEL01-PE;;;
761770;30/03/2026;segunda-feira;12:30:00;MT;364;474;JANGADA;Demais falhas mecânicas ou elétricas;Tombamento;Com Vítimas Feridas;Pleno dia;Decrescente;Céu Claro;Simples;Curva;Não;2;0;1;0;1;0;0;3;-15,38550667;-56,39568686;SPRF-MT;DEL01/MT;UOP02-DEL01-MT;;;
761778;30/03/2026;segunda-feira;06:30:00;RN;101;13;TOUROS;Condutor Dormindo;Saída de leito carroçável;Com Vítimas Feridas;Pleno dia;Decrescente;Céu Claro;Simples;Reta;Não;2;0;1;0;1;1;0;1;-5,26858;-35,47293;SPRF-RN;DEL02-RN;UOP01-DEL02-RN;;;
761780;14/02/2026;sábado;17:15:00;BA;235;348;JUAZEIRO;Acessar a via sem observar a presença dos outros veículos;Colisão transversal;Com Vítimas Feridas;Pleno dia;Crescente;Céu Claro;Dupla;Reta;Sim;3;0;0;1;1;1;0;3;-9,448127;-40,48738;SPRF-PE;DEL06/PE;UOP01-DEL06-PE;;;
761781;30/03/2026;segunda-feira;14:30:00;SP;116;302;SAO LOURENCO DA SERRA;Ausência de reação do condutor;Colisão lateral mesmo sentido;Com Vítimas Feridas;Pleno dia;Decrescente;Céu Claro;Dupla;Reta;Não;4;0;2;0;2;1;0;4;-23,81358593;-46,92309089;SPRF-SP;DEL04/SP;UOP01-DEL04-SP;;;
761785;30/03/2026;segunda-feira;08:40:00;MT;364;342,7;SANTO ANTONIO DO LEVERGER;Problema com o freio;Engavetamento;Com Vítimas Feridas;Pleno dia;Crescente;Céu Claro;Dupla;Declive;Curva;Não;4;0;1;0;1;3;0;3;-15,81532198;-55,53836489;SPRF-MT;DEL05/MT;UOP02-DEL05-MT;;
761788;30/03/2026;segunda-feira;15:30:00;RJ;393;170;TRES RIOS;Ausência de reação do condutor;Tombamento;Com Vítimas Feridas;Pleno dia;Decrescente;Céu Claro;Simples;Curva;Não;2;0;1;0;1;0;0;2;-22,12494796;-43,18279836;SPRF-RJ;DEL05/RJ;UOP03-DEL05-RJ;;;
761791;30/03/2026;segunda-feira;16:10:00;TO;153;135;ARAGUAINA;Reação tardia ou ineficiente do condutor;Atropelamento de Pedestre;Com Vítimas Fatais;Pleno dia;Decrescente;Nublado;Simples;Reta;Sim;3;1;0;0;0;1;0;3;-7,135601;-48,200529;SPRF-TO;DEL02-TO;UOP01-DEL02-TO;;;
761802;30/03/2026;segunda-feira;16:05:00;SC;280;151,9;MAFRA;Reação tardia ou ineficiente do condutor;Colisão lateral sentido oposto;Sem Vítimas;Pleno dia;Crescente;Chuva;Simples;Reta;Não;3;0;0;0;0;1;0;4;-26,22907;-49,70504;SPRF-SC;DEL06/SC;UOP03-DEL06-SC;;;
761805;30/03/2026;segunda-feira;17:00:00;PR;116;119;CURITIBA;Reação tardia ou ineficiente do condutor;Colisão transversal;Com Vítimas Feridas;Pleno dia;Crescente;Sol;Dupla;Declive;Reta;Sim;4;0;0;1;1;2;0;5;-25,579747;-49,312958;SPRF-PR;DEL01/PR;UOP03-DEL01-PR;;
761806;30/03/2026;segunda-feira;17:30:00;PI;135;360;BOM JESUS;Ultrapassagem Indevida;Colisão frontal;Com Vítimas Fatais;Anoitecer;Decrescente;Nublado;Simples;Curva;Não;9;2;3;2;5;1;0;4;-9,136885;-44,38976;SPRF-PI;DEL03-PI;UOP02-DEL03-PI;;;
761807;30/03/2026;segunda-feira;16:40:00;PE;101;61;RECIFE;Condutor deixou de manter distância do veículo da frente;Colisão traseira;Sem Vítimas;Anoitecer;Crescente;Nublado;Dupla;Reta;Sim;3;0;0;0;0;1;0;3;-7,99573;-34,93912;SPRF-PE;DEL01/PE;UOP02-DEL01-PE;;;
761809;30/03/2026;segunda-feira;09:40:00;BA;418;99;NOVA VICOSA;Conversão proibida;Colisão transversal;Com Vítimas Feridas;Pleno dia;Decrescente;Céu Claro;Simples;Reta;Não;4;0;1;0;1;3;0;2;-17,903578;-39,931448;SPRF-BA;DEL09/BA;UOP02-DEL09-BA;;;
761811;30/03/2026;segunda-feira;15:00:00;MA;330;90;TASSO FRAGOSO;Estacionar ou parar em local proibido;Colisão lateral sentido oposto;Com Vítimas Feridas;Anoitecer;Decrescente;Garoa/Chuvisco;Simples;Curva;Declive;Não;7;0;1;1;2;4;0;16;-8,45829504;-45,9262692;SPRF-MA;DEL05-MA;UOP01-DEL05-MA;;
761816;30/03/2026;segunda-feira;16:50:00;PR;153;321;IMBITUVA;Reação tardia ou ineficiente do condutor;Capotamento;Com Vítimas Feridas;Pleno dia;Decrescente;Chuva;Simples;Curva;Não;2;0;0;1;1;1;0;2;-25,38076;-50,62238;SPRF-PR;DEL08/PR;UOP02-DEL08-PR;;;
761818;30/03/2026;segunda-feira;18:00:00;PR;116;119,2;CURITIBA;Trafegar com motocicleta (ou similar) entre as faixas;Colisão lateral mesmo sentido;Com Vítimas Feridas;Pleno dia;Decrescente;Céu Claro;Dupla;Reta;Aclive;Não;3;0;0;1;1;2;0;3;-25,579074;-49,312802;SPRF-PR;DEL01/PR;UOP03-DEL01-PR;;
761821;30/03/2026;segunda-feira;15:20:00;PI;316;91,2;OLHO DAGUA DO PIAUI;Reação tardia ou ineficiente do condutor;Tombamento;Com Vítimas Fatais;Pleno dia;Crescente;Nublado;Simples;Declive;Reta;Não;3;1;0;0;0;0;0;3;-5,79136;-42,54824;SPRF-PI;DEL04-PI;UOP02-DEL04-PI;;
761827;30/03/2026;segunda-feira;19:00:00;PR;116;119;CURITIBA;Acessar a via sem observar a presença dos outros veículos;Colisão lateral mesmo sentido;Sem Vítimas;Pleno dia;Decrescente;Céu Claro;Dupla;Reta;Sim;3;0;0;0;0;2;0;3;-25,57878354;-49,31242816;SPRF-PR;DEL01/PR;UOP03-DEL01-PR;;;
761831;30/03/2026;segunda-feira;15:30:00;PR;376;301;MAUA DA SERRA;Demais falhas mecânicas ou elétricas;Tombamento;Com Vítimas Feridas;Pleno dia;Crescente;Céu Claro;Dupla;Declive;Curva;Não;3;0;2;0;2;0;0;4;-23,9331779;-51,13654426;SPRF-PR;DEL07/PR;UOP02-DEL07-PR;;
761833;30/03/2026;segunda-feira;17:30:00;GO;50;179;CAMPO ALEGRE DE GOIAS;Avarias e/ou desgaste excessivo no pneu;Incêndio;Sem Vítimas;Anoitecer;Crescente;Céu Claro;Dupla;Reta;Declive;Ponte;Não;2;0;0;0;0;1;0;2;-17,409712;-47,78581;SPRF-GO;DEL06/GO;UOP01-DEL06-GO;
761836;30/03/2026;segunda-feira;16:30:00;TO;10;328;SANTA ROSA DO TOCANTINS;Ausência de reação do condutor;Colisão traseira;Com Vítimas Feridas;Anoitecer;Decrescente;Céu Claro;Simples;Reta;Não;4;0;2;0;2;2;0;2;-11,43110443;-48,145511;SPRF-TO;DEL01-TO;UOP03-DEL01-TO;;;
761844;30/03/2026;segunda-feira;19:00:00;PR;376;220,1;JANDAIA DO SUL;Ingestão de álcool pelo condutor;Colisão traseira;Com Vítimas Feridas;Plena Noite;Decrescente;Nublado;Dupla;Declive;Reta;Não;3;0;1;0;1;1;0;4;-23,595233;-51,612672;SPRF-PR;DEL09/PR;UOP01-DEL09-PR;;
761845;30/03/2026;segunda-feira;15:25:00;RS;290;481,3;ROSARIO DO SUL;Acessar a via sem observar a presença dos outros veículos;Colisão transversal;Com Vítimas Feridas;Pleno dia;Decrescente;Chuva;Simples;Interseção de Vias;Reta;Sim;3;0;1;0;1;2;0;3;-30,242218;-54,933791;SPRF-RS;DEL11/RS;UOP02-DEL11-RS;;
761850;30/03/2026;segunda-feira;19:30:00;MG;365;115;JEQUITAI;Ultrapassagem Indevida;Colisão traseira;Com Vítimas Feridas;Plena Noite;Decrescente;Céu Claro;Simples;Reta;Não;2;0;1;0;1;1;0;2;-17,1953265;-44,6394782;SPRF-MG;DEL12/MG;UOP01-DEL12-MG;;;
761853;30/03/2026;segunda-feira;19:45:00;ES;101;124,4;SOORETAMA;Condutor deixou de manter distância do veículo da frente;Colisão lateral sentido oposto;Com Vítimas Feridas;Plena Noite;Decrescente;Céu Claro;Simples;Reta;Não;3;0;1;0;1;2;0;2;-19,18100521;-40,09328431;SPRF-ES;DEL04-ES;UOP01-DEL04-ES;;;
761861;30/03/2026;segunda-feira;17:28:00;SC;282;600,7;CUNHA PORA;Acessar a via sem observar a presença dos outros veículos;Colisão transversal;Com Vítimas Feridas;Pleno dia;Decrescente;Céu Claro;Simples;Curva;Não;2;0;0;1;1;1;0;2;-26,81032;-53,168125;SPRF-SC;DEL07/SC;UOP02-DEL07-SC;;;
761869;30/03/2026;segunda-feira;18:50:00;BA;242;918;LUIS EDUARDO MAGALHAES;Falta de acostamento;Colisão lateral sentido oposto;Com Vítimas Feridas;Plena Noite;Crescente;Nublado;Simples;Reta;Não;3;0;2;0;2;0;0;6;-12,10342;-45,887214;SPRF-BA;DEL10/BA;UOP01-DEL10-BA;;;
761870;30/03/2026;segunda-feira;18:37:00;MA;10;179,1;CAMPESTRE DO MARANHAO;Chuva;Colisão frontal;Com Vítimas Fatais;Plena Noite;Crescente;Chuva;Simples;Reta;Sim;4;1;0;0;0;1;0;4;-6,150925;-47,369267;SPRF-MA;DEL04-MA;UOP02-DEL04-MA;;;
761875;11/02/2026;quarta-feira;20:41:00;PA;163;524;ITAITUBA;Ausência de reação do condutor;Tombamento;Com Vítimas Feridas;Plena Noite;Decrescente;Ignorado;Simples;Curva;Não;2;0;1;0;1;0;0;2;-4,80994422;-56,12239257;SPRF-PA;DEL05/PA;UOP03-DEL05-PA;;;
761876;30/03/2026;segunda-feira;22:05:00;CE;116;93;MORADA NOVA;Velocidade Incompatível;Colisão transversal;Com Vítimas Fatais;Plena Noite;Decrescente;Céu Claro;Simples;Curva;Não;2;1;0;0;0;1;0;2;-4,50384167;-38,36005781;SPRF-CE;DEL01/CE;UOP04-DEL01-CE;;;
761877;31/03/2026;terça-feira;01:00:00;SE;101;197;CRISTINAPOLIS;Ultrapassagem Indevida;Colisão frontal;Com Vítimas Fatais;Plena Noite;Crescente;Céu Claro;Simples;Curva;Sim;2;1;0;0;0;0;0;2;-11,470909;-37,747636;SPRF-SE;DEL02-SE;UOP03-DEL02-SE;;;
761878;31/03/2026;terça-feira;00:05:00;SP;116;513;CAJATI;Reação tardia ou ineficiente do condutor;Colisão traseira;Com Vítimas Feridas;Plena Noite;Crescente;Garoa/Chuvisco;Simples;Aclive;Reta;Não;3;0;1;0;1;1;0;3;-24,85622;-48,21631;SPRF-SP;DEL05/SP;UOP02-DEL05-SP;;
761879;31/03/2026;terça-feira;02:25:00;SP;116;477,9;JACUPIRANGA;Estacionar ou parar em local proibido;Colisão traseira;Com Vítimas Feridas;Plena Noite;Decrescente;Nublado;Dupla;Reta;Não;3;0;1;1;2;0;0;4;-24,70723399;-48,0150554;SPRF-SP;DEL05/SP;UOP01-DEL05-SP;;;
761880;31/03/2026;terça-feira;02:50:00;ES;101;424,1;ATILIO VIVACQUA;Condutor Dormindo;Saída de leito carroçável;Com Vítimas Feridas;Plena Noite;Crescente;Céu Claro;Simples;Ponte;Reta;Não;2;0;1;0;1;0;0;2;-20,99701611;-41,12753391;SPRF-ES;DEL03-ES;UOP02-DEL03-ES;;
761884;31/03/2026;terça-feira;04:13:00;PE;101;103,6;CABO DE SANTO AGOSTINHO;Carga excessiva e/ou mal acondicionada;Tombamento;Sem Vítimas;Plena Noite;Decrescente;Garoa/Chuvisco;Dupla;Reta;Aclive;Sim;1;0;0;0;0;0;1;1;-8,29698;-35,06148;SPRF-PE;DEL01/PE;UOP03-DEL01-PE;;
761887;31/03/2026;terça-feira;05:10:00;SC;280;74,1;JARAGUA DO SUL;Pedestre andava na pista;Atropelamento de Pedestre;Com Vítimas Fatais;Amanhecer;Decrescente;Garoa/Chuvisco;Simples;Curva;Sim;2;1;0;0;0;0;0;2;-26,459;-49,171;SPRF-SC;DEL03/SC;UOP03-DEL03-SC;;;
761888;30/03/2026;segunda-feira;20:00:00;PA;163;596;TRAIRAO;Transitar na contramão;Colisão frontal;Com Vítimas Fatais;Plena Noite;Decrescente;Garoa/Chuvisco;Simples;Declive;Reta;Não;3;1;0;0;0;1;0;5;-4,862112;-56,168515;SPRF-PA;DEL05/PA;UOP03-DEL05-PA;;
761899;31/03/2026;terça-feira;07:30:00;PE;101;73,5;RECIFE;Trafegar com motocicleta (ou similar) entre as faixas;Queda de ocupante de veículo;Com Vítimas Fatais;Pleno dia;Crescente;Céu Claro;Dupla;Reta;Sim;4;1;1;0;1;1;0;4;-8,099145;-34,950215;SPRF-PE;DEL01/PE;UOP01-DEL01-PE;;;
761900;31/03/2026;terça-feira;06:50:00;SP;116;221,5;GUARULHOS;Trafegar com motocicleta (ou similar) entre as faixas;Colisão lateral mesmo sentido;Com Vítimas Fatais;Pleno dia;Decrescente;Chuva;Dupla;Reta;Sim;3;1;0;0;0;0;0;3;-23,46974018;-46,51226926;SPRF-SP;DEL01/SP;UOP01-DEL01-SP;;;
761912;31/03/2026;terça-feira;06:30:00;MG;381;413;CAETE;Avarias e/ou desgaste excessivo no pneu;Saída de leito carroçável;Com Vítimas Feridas;Pleno dia;Crescente;Céu Claro;Dupla;Curva;Não;2;0;0;1;1;0;0;2;-19,74763991;-43,62413406;SPRF-MG;DEL01/MG;UOP01-DEL01-MG;;;
761915;31/03/2026;terça-feira;08:04:00;BA;324;517;FEIRA DE SANTANA;Acessar a via sem observar a presença dos outros veículos;Colisão lateral mesmo sentido;Com Vítimas Fatais;Pleno dia;Decrescente;Céu Claro;Simples;Reta;Sim;3;1;0;0;0;0;0;4;-12,25544303;-38,93231599;SPRF-BA;DEL02/BA;UOP01-DEL02-BA;;;
761919;31/03/2026;terça-feira;08:35:00;ES;101;393;RIO NOVO DO SUL;Reação tardia ou ineficiente do condutor;Colisão traseira;Com Vítimas Feridas;Pleno dia;Decrescente;Céu Claro;Simples;Reta;Não;4;0;1;1;2;1;0;4;-20,86578;-40,91234;SPRF-ES;DEL03-ES;UOP02-DEL03-ES;;;
761920;31/03/2026;terça-feira;09:00:00;PR;116;51;CAMPINA GRANDE DO SUL;Reação tardia ou ineficiente do condutor;Saída de leito carroçável;Com Vítimas Feridas;Pleno dia;Crescente;Garoa/Chuvisco;Dupla;Curva;Não;3;0;1;0;1;1;0;3;-25,29002539;-48,93413544;SPRF-PR;DEL01/PR;UOP02-DEL01-PR;;;
761921;31/03/2026;terça-feira;06:30:00;PA;163;622;TRAIRAO;Velocidade Incompatível;Tombamento;Com Vítimas Feridas;Amanhecer;Crescente;Nublado;Simples;Curva;Não;2;0;0;1;1;0;0;4;-4,7192;-56,0144;SPRF-PA;DEL05/PA;UOP03-DEL05-PA;;;
761923;31/03/2026;terça-feira;08:30:00;MG;40;706,2;BARBACENA;Ultrapassagem Indevida;Colisão lateral mesmo sentido;Com Vítimas Feridas;Pleno dia;Crescente;Céu Claro;Simples;Rotatória;Sim;2;0;1;0;1;1;0;2;-21,219485;-43,7410483;SPRF-MG;DEL05/MG;UOP02-DEL05-MG;;;
761930;31/03/2026;terça-feira;08:40:00;BA;101;65;ENTRE RIOS;Condutor deixou de manter distância do veículo da frente;Colisão traseira;Com Vítimas Feridas;Pleno dia;Decrescente;Céu Claro;Simples;Reta;Desvio Temporário;Não;3;0;1;0;1;1;0;3;-11,96860757;-38,10366796;SPRF-BA;DEL01/BA;UOP04-DEL01-BA;;
761933;31/03/2026;terça-feira;09:40:00;PR;116;59;CAMPINA GRANDE DO SUL;Reação tardia ou ineficiente do condutor;Colisão lateral mesmo sentido;Sem Vítimas;Pleno dia;Decrescente;Garoa/Chuvisco;Dupla;Reta;Não;2;0;0;0;0;1;0;2;-25,30335724;-48,94378885;SPRF-PR;DEL01/PR;UOP02-DEL01-PR;;;