id;data_inversa;dia_semana;horario;uf;br;km;municipio;causa_acidente;tipo_acidente;classificacao_acidente;fase_dia;sentido_via;condicao_metereologica;tipo_pista;tracado_via;uso_solo;pessoas;mortos;feridos_leves;feridos_graves;feridos;ilesos;ignorados;veiculos;latitude;longitude;regional;delegacia;uop;;;
762536;02/04/2026;quinta-feira;18:40:00;PI;343;480,4;ANGICAL DO PIAUI;Ausência de reação do condutor;Colisão com objeto;Com Vítimas Fatais;Plena Noite;Decrescente;Chuva;Simples;Reta;Aclive;Não;3;1;0;0;0;1;0;4;-6,1646;-42,70896;SPRF-PI;DEL01-PI;UOP02-DEL01-PI;;
762548;03/04/2026;sexta-feira;02:30:00;RO;319;138;PORTO VELHO;Ingestão de álcool pelo condutor;Colisão transversal;Sem Vítimas;Plena Noite;Decrescente;Céu Claro;Dupla;Interseção de Vias;Sim;2;0;0;0;0;2;0;2;-8,74325755;-63,91288877;SPRF-RO;DEL01-RO;UOP01-DEL01-RO;;;
762557;02/04/2026;quinta-feira;23:20:00;RJ;116;258;PIRAI;Acumulo de água sobre o pavimento;Atropelamento de Pedestre;Com Vítimas Feridas;Plena Noite;Decrescente;Chuva;Dupla;Reta;Não;2;0;1;0;1;0;0;2;-22,58453353;-44,01826859;SPRF-RJ;DEL07/RJ;UOP02-DEL07-RJ;;;
762564;03/04/2026;sexta-feira;00:05:00;SC;280;22,8;ARAQUARI;Ingestão de álcool pelo condutor;Colisão traseira;Com Vítimas Feridas;Plena Noite;Crescente;Céu Claro;Simples;Rotatória;Reta;Interseção de Vias;Sim;3;0;1;0;1;1;0;3;-26,37133956;-48,71024609;SPRF-SC;DEL03/SC;UOP03-DEL03-SC;
762565;03/04/2026;sexta-feira;05:00:00;CE;116;456,5;BARRO;Reação tardia ou ineficiente do condutor;Saída de leito carroçável;Sem Vítimas;Amanhecer;Decrescente;Chuva;Simples;Reta;Não;1;0;0;0;0;1;0;1;-7,209908;-38,82854;SPRF-CE;DEL05/CE;UOP03-DEL05-CE;;;
762570;03/04/2026;sexta-feira;06:15:00;PA;316;53;CASTANHAL;Condutor deixou de manter distância do veículo da frente;Colisão traseira;Com Vítimas Feridas;Amanhecer;Crescente;Sol;Dupla;Reta;Não;4;0;1;0;1;2;0;4;-1,30657315;-48,01780701;SPRF-PA;DEL01/PA;UOP01-DEL01-PA;;;
762581;14/03/2026;sábado;09:14:00;SC;101;10,8;GARUVA;Manobra de mudança de faixa;Colisão traseira;Com Vítimas Feridas;Pleno dia;Crescente;Céu Claro;Dupla;Reta;Sim;5;0;1;0;1;3;0;3;-26,07753941;-48,86142536;SPRF-SC;DEL03/SC;UOP01-DEL03-SC;;;
762598;02/02/2026;segunda-feira;15:45:00;MG;381;943;EXTREMA;Reação tardia ou ineficiente do condutor;Colisão traseira;Com Vítimas Feridas;Pleno dia;Crescente;Céu Claro;Múltipla;Reta;Sim;3;0;0;1;1;1;0;5;-22,8383866;-46,32810686;SPRF-MG;DEL16/MG;UOP03-DEL16-MG;;;
762602;03/04/2026;sexta-feira;09:00:00;AL;101;132,1;SAO MIGUEL DOS CAMPOS;Estacionar ou parar em local proibido;Engavetamento;Com Vítimas Feridas;Pleno dia;Crescente;Chuva;Dupla;Curva;Declive;Não;6;0;0;1;1;2;0;4;-9,76848;-36,08044;SPRF-AL;DEL02-AL;UOP01-DEL02-AL;;
762604;30/03/2026;segunda-feira;05:20:00;PI;407;427;PICOS;Reação tardia ou ineficiente do condutor;Colisão transversal;Com Vítimas Feridas;Amanhecer;Crescente;Céu Claro;Simples;Reta;Sim;3;0;1;0;1;2;0;2;-7,11108;-41,411838;SPRF-PI;DEL04-PI;UOP01-DEL04-PI;;;
762607;03/04/2026;sexta-feira;10:30:00;SP;381;6;VARGEM;Problema com o freio;Colisão com objeto;Com Vítimas Feridas;Pleno dia;Crescente;Céu Claro;Múltipla;Reta;Aclive;Sim;2;0;0;1;1;0;0;2;-22,9084868;-46,4250986;SPRF-SP;DEL03/SP;UOP02-DEL03-SP;;
762613;03/04/2026;sexta-feira;11:55:00;MG;381;344;JOAO MONLEVADE;Reação tardia ou ineficiente do condutor;Colisão frontal;Com Vítimas Fatais;Pleno dia;Crescente;Céu Claro;Simples;Declive;Reta;Não;2;1;0;0;0;1;0;2;-19,858344;-43,123284;SPRF-MG;DEL03/MG;UOP01-DEL03-MG;;
762619;03/04/2026;sexta-feira;04:30:00;AP;156;603;CALCOENE;Condutor Dormindo;Tombamento;Com Vítimas Feridas;Plena Noite;Crescente;Céu Claro;Simples;Reta;Não;3;0;1;1;2;0;0;2;2,45225316;-50,97334653;SPRF-AP;DEL01-AP;UOP02-DEL01-AP;;;
762638;03/04/2026;sexta-feira;12:45:00;PR;277;588,7;CASCAVEL;Acesso irregular;Colisão transversal;Com Vítimas Feridas;Pleno dia;Decrescente;Céu Claro;Simples;Reta;Sim;3;0;1;0;1;1;0;3;-24,98371237;-53,37315414;SPRF-PR;DEL04/PR;UOP01-DEL04-PR;;;
762640;21/03/2026;sábado;21:45:00;MS;163;110,3;ITAQUIRAI;Acessar a via sem observar a presença dos outros veículos;Colisão lateral mesmo sentido;Com Vítimas Feridas;Plena Noite;Decrescente;Céu Claro;Dupla;Reta;Retorno Regulamentado;Não;7;0;5;0;5;1;0;3;-23,16765453;-54,19913705;SPRF-MS;DEL09/MS;UOP01-DEL09-MS;;
762660;03/04/2026;sexta-feira;16:24:00;MG;262;539;LUZ;Problema com o freio;Colisão frontal;Com Vítimas Feridas;Pleno dia;Crescente;Nublado;Simples;Curva;Não;6;0;2;0;2;2;0;8;-19,719588;-45,877595;SPRF-MG;DEL08/MG;UOP02-DEL08-MG;;;
762664;01/04/2026;quarta-feira;18:00:00;PE;101;67,4;RECIFE;Condutor deixou de manter distância do veículo da frente;Colisão traseira;Com Vítimas Feridas;Plena Noite;Decrescente;Chuva;Dupla;Reta;Sim;4;0;2;0;2;1;0;3;-8,045452;-34,944395;SPRF-PE;DEL01/PE;UOP01-DEL01-PE;;;
762666;18/03/2026;quarta-feira;08:30:00;BA;110;352;CATU;Velocidade Incompatível;Capotamento;Com Vítimas Feridas;Pleno dia;Decrescente;Sol;Simples;Curva;Não;3;0;2;0;2;0;0;2;-12,247113;-38,396845;SPRF-BA;DEL01/BA;UOP04-DEL01-BA;;;
762671;03/04/2026;sexta-feira;15:10:00;BA;116;897,8;CANDIDO SALES;Mal súbito do condutor;Saída de leito carroçável;Com Vítimas Fatais;Pleno dia;Crescente;Nublado;Simples;Reta;Não;3;1;0;0;0;0;0;2;-15,419725;-41,215528;SPRF-BA;DEL08/BA;UOP03-DEL08-BA;;;
762680;03/04/2026;sexta-feira;13:53:00;PA;230;1097;ITAITUBA;Reação tardia ou ineficiente do condutor;Tombamento;Sem Vítimas;Pleno dia;Crescente;Sol;Simples;Interseção de Vias;Curva;Sim;2;0;0;0;0;0;1;4;-4,3489;-55,789;SPRF-PA;DEL05/PA;UOP02-DEL05-PA;;
762687;03/04/2026;sexta-feira;13:00:00;SC;116;173,7;SAO CRISTOVAO DO SUL;Reação tardia ou ineficiente do condutor;Tombamento;Com Vítimas Feridas;Pleno dia;Decrescente;Céu Claro;Simples;Curva;Declive;Não;2;0;1;0;1;0;0;2;-27,223105;-50,462281;SPRF-SC;DEL05/SC;UOP03-DEL05-SC;;
762689;03/04/2026;sexta-feira;18:55:00;RO;364;234;CACOAL;Reação tardia ou ineficiente do condutor;Colisão lateral sentido oposto;Com Vítimas Feridas;Anoitecer;Crescente;Céu Claro;Simples;Reta;Sim;2;0;0;1;1;0;0;2;-11,457594;-61,421571;SPRF-RO;DEL02-RO;UOP02-DEL02-RO;;;
762711;03/04/2026;sexta-feira;22:30:00;MG;262;499,2;LUZ;Transitar na contramão;Colisão frontal;Com Vítimas Fatais;Plena Noite;Crescente;Nublado;Simples;Reta;Não;6;2;1;1;2;1;0;4;-19,77066;-45,51709;SPRF-MG;DEL08/MG;UOP03-DEL08-MG;;;
762719;03/04/2026;sexta-feira;23:00:00;MG;153;29;CENTRALINA;Condutor Dormindo;Colisão traseira;Com Vítimas Feridas;Plena Noite;Crescente;Ignorado;Dupla;Reta;Não;3;0;1;0;1;1;0;3;-18,68412;-49,15268;SPRF-MG;DEL15/MG;UOP03-DEL15-MG;;;
762731;04/04/2026;sábado;04:02:00;PR;376;284;MAUA DA SERRA;Reação tardia ou ineficiente do condutor;Saída de leito carroçável;Com Vítimas Feridas;Plena Noite;Crescente;Céu Claro;Dupla;Reta;Não;2;0;1;0;1;0;0;2;-23,863688;-51,260845;SPRF-PR;DEL07/PR;UOP02-DEL07-PR;;;
762737;04/04/2026;sábado;04:20:00;MT;70;499;CUIABA;Condutor Dormindo;Saída de leito carroçável;Com Vítimas Feridas;Plena Noite;Decrescente;Céu Claro;Simples;Reta;Sim;2;0;1;0;1;0;0;2;-15,1671877;-56,011157;SPRF-MT;DEL01/MT;UOP02-DEL01-MT;;;
762738;04/04/2026;sábado;04:35:00;MG;365;684,4;MONTE ALEGRE DE MINAS;Condutor Dormindo;Colisão traseira;Com Vítimas Fatais;Plena Noite;Decrescente;Céu Claro;Dupla;Reta;Aclive;Não;3;1;0;0;0;1;0;4;-18,858093;-48,858463;SPRF-MG;DEL15/MG;UOP01-DEL15-MG;;
762740;03/04/2026;sexta-feira;20:10:00;RJ;116;284,6;BARRA MANSA;Acumulo de água sobre o pavimento;Colisão lateral mesmo sentido;Com Vítimas Feridas;Plena Noite;Decrescente;Chuva;Dupla;Curva;Não;4;0;1;0;1;2;0;3;-22,50843381;-44,22087193;SPRF-RJ;DEL07/RJ;UOP02-DEL07-RJ;;;
762744;03/04/2026;sexta-feira;17:00:00;CE;116;84;CASCAVEL;Ultrapassagem Indevida;Tombamento;Com Vítimas Feridas;Pleno dia;Crescente;Céu Claro;Simples;Reta;Não;4;0;3;0;3;0;0;2;-4,42564;-38,40089;SPRF-CE;DEL01/CE;UOP04-DEL01-CE;;;
762745;04/04/2026;sábado;06:30:00;RJ;116;170;RIO DE JANEIRO;Ausência de reação do condutor;Colisão traseira;Com Vítimas Feridas;Pleno dia;Crescente;Céu Claro;Dupla;Reta;Sim;2;0;1;0;1;1;0;2;-22,81409229;-43,32805809;SPRF-RJ;DEL06/RJ;UOP01-DEL06-RJ;;;
762748;04/04/2026;sábado;07:30:00;SC;101;226,1;PALHOCA;Reação tardia ou ineficiente do condutor;Colisão traseira;Com Vítimas Feridas;Pleno dia;Decrescente;Sol;Dupla;Reta;Aclive;Sim;4;0;2;0;2;1;0;5;-27,74194371;-48,63798664;SPRF-SC;DEL01/SC;UOP02-DEL01-SC;;
762749;04/04/2026;sábado;06:40:00;AL;424;102,1;MARECHAL DEODORO;Velocidade Incompatível;Colisão lateral sentido oposto;Com Vítimas Fatais;Pleno dia;Decrescente;Chuva;Simples;Reta;Não;3;1;0;0;0;1;0;3;-9,671264;-35,8397545;SPRF-AL;DEL02-AL;UOP01-DEL02-AL;;;
762751;04/04/2026;sábado;06:52:00;MG;365;511,9;MONTE CARMELO;Ausência de reação do condutor;Colisão frontal;Com Vítimas Fatais;Amanhecer;Crescente;Nevoeiro/Neblina;Simples;Reta;Não;3;2;0;0;0;0;0;5;-18,93549;-47,31755;SPRF-MG;DEL10/MG;UOP01-DEL10-MG;;;
762753;04/04/2026;sábado;07:50:00;BA;116;429;FEIRA DE SANTANA;Manobra de mudança de faixa;Queda de ocupante de veículo;Com Vítimas Feridas;Pleno dia;Crescente;Céu Claro;Dupla;Reta;Sim;3;0;2;0;2;1;0;2;-12,287716;-39,004594;SPRF-BA;DEL02/BA;UOP01-DEL02-BA;;;
762761;04/04/2026;sábado;07:10:00;MT;364;193;RONDONOPOLIS;Transitar na contramão;Colisão lateral sentido oposto;Com Vítimas Feridas;Pleno dia;Decrescente;Céu Claro;Simples;Reta;Não;5;0;2;1;3;1;0;4;-16,54256;-54,577867;SPRF-MT;DEL02/MT;UOP01-DEL02-MT;;;
762768;04/04/2026;sábado;07:31:00;RN;226;339;PATU;Transitar na contramão;Colisão frontal;Com Vítimas Feridas;Pleno dia;Crescente;Céu Claro;Simples;Reta;Sim;3;0;0;1;1;1;0;3;-6,0918599;-37,6411747;SPRF-RN;DEL04-RN;UOP01-DEL04-RN;;;
762778;04/04/2026;sábado;11:35:00;GO;153;557;PROFESSOR JAMIL;Velocidade Incompatível;Colisão traseira;Com Vítimas Fatais;Pleno dia;Crescente;Céu Claro;Dupla;Aclive;Reta;Não;3;1;0;0;0;1;0;4;-17,191166;-49,208941;SPRF-GO;DEL03/GO;UOP01-DEL03-GO;;
762781;04/04/2026;sábado;09:35:00;RJ;40;2;COMENDADOR LEVY GASPARIAN;Reação tardia ou ineficiente do condutor;Tombamento;Com Vítimas Feridas;Pleno dia;Decrescente;Céu Claro;Dupla;Reta;Não;3;0;2;0;2;0;0;3;-22,02242048;-43,29734802;SPRF-RJ;DEL05/RJ;UOP02-DEL05-RJ;;;
762785;04/04/2026;sábado;12:15:00;PB;101;91,1;JOAO PESSOA;Manobra de mudança de faixa;Colisão lateral mesmo sentido;Com Vítimas Feridas;Pleno dia;Crescente;Nublado;Dupla;Reta;Retorno Regulamentado;Interseção de Vias;Sim;3;0;1;0;1;1;0;3;-7,18139443;-34,90091223;SPRF-PB;DEL01-PB;UOP01-DEL01-PB;
762790;04/04/2026;sábado;12:35:00;SP;153;15;NOVA GRANADA;Frear bruscamente;Colisão lateral sentido oposto;Com Vítimas Feridas;Pleno dia;Decrescente;Nublado;Simples;Ponte;Reta;Não;6;0;2;0;2;2;0;8;-20,418832;-49,267158;SPRF-SP;DEL09/SP;UOP01-DEL09-SP;;
762792;04/04/2026;sábado;12:40:00;RS;386;221;TIO HUGO;Transitar na contramão;Colisão frontal;Com Vítimas Fatais;Pleno dia;Crescente;Sol;Simples;Aclive;Reta;Não;10;2;0;2;2;5;0;6;-28,6276;-52,61329;SPRF-RS;DEL04/RS;UOP03-DEL04-RS;;
762793;04/04/2026;sábado;11:20:00;BA;407;125;SENHOR DO BONFIM;Demais falhas na via;Tombamento;Sem Vítimas;Pleno dia;Decrescente;Nublado;Simples;Reta;Sim;2;0;0;0;0;1;0;2;-10,4448615;-40,18611073;SPRF-BA;DEL04/BA;UOP01-DEL04-BA;;;
762794;04/04/2026;sábado;12:15:00;MG;116;768;LEOPOLDINA;Acessar a via sem observar a presença dos outros veículos;Colisão transversal;Com Vítimas Feridas;Pleno dia;Crescente;Céu Claro;Simples;Interseção de Vias;Reta;Sim;2;0;1;0;1;1;0;2;-21,546964;-42,661741;SPRF-MG;DEL07/MG;UOP01-DEL07-MG;;
762800;04/04/2026;sábado;11:30:00;GO;60;438;JATAI;Reação tardia ou ineficiente do condutor;Colisão lateral mesmo sentido;Sem Vítimas;Pleno dia;Decrescente;Céu Claro;Dupla;Ponte;Reta;Não;5;0;0;0;0;4;0;5;-17,83768521;-51,41779661;SPRF-GO;DEL04/GO;UOP02-DEL04-GO;;
762808;04/04/2026;sábado;11:45:00;PA;316;50;SANTA IZABEL DO PARA;Ultrapassagem Indevida;Colisão lateral mesmo sentido;Sem Vítimas;Pleno dia;Crescente;Céu Claro;Dupla;Curva;Não;7;0;0;0;0;4;0;5;-1,307506;-48,031698;SPRF-PA;DEL01/PA;UOP01-DEL01-PA;;;
762813;01/04/2026;quarta-feira;18:00:00;GO;20;215,8;POSSE;Velocidade Incompatível;Saída de leito carroçável;Sem Vítimas;Anoitecer;Decrescente;Ignorado;Simples;Reta;Declive;Não;2;0;0;0;0;1;0;2;-14,23151;-46,345548;SPRF-DF;DEL02-DF;UOP03-DEL02-DF;;
762817;04/04/2026;sábado;15:30:00;PR;376;386,5;IMBAU;Problema com o freio;Atropelamento de Pedestre;Com Vítimas Feridas;Pleno dia;Decrescente;Céu Claro;Dupla;Aclive;Reta;Não;3;0;0;1;1;1;0;3;-24,486293;-50,733465;SPRF-PR;DEL03/PR;UOP02-DEL03-PR;;
762824;04/04/2026;sábado;16:30:00;RS;386;28,8;FREDERICO WESTPHALEN;Transitar na contramão;Colisão frontal;Com Vítimas Feridas;Pleno dia;Decrescente;Céu Claro;Simples;Reta;Não;3;0;0;1;1;1;0;3;-27,3202608;-53,37537119;SPRF-RS;DEL08/RS;UOP02-DEL08-RS;;;
762827;04/04/2026;sábado;15:40:00;BA;116;549;MILAGRES;Ultrapassagem Indevida;Colisão frontal;Com Vítimas Feridas;Pleno dia;Decrescente;Nublado;Simples;Curva;Não;3;0;0;1;1;1;0;3;-12,90006;-39,86131;SPRF-BA;DEL03/BA;UOP02-DEL03-BA;;;
762834;04/04/2026;sábado;18:00:00;GO;20;218,5;POSSE;Velocidade Incompatível;Colisão traseira;Com Vítimas Feridas;Anoitecer;Decrescente;Céu Claro;Simples;Reta;Não;3;0;0;1;1;1;0;3;-14,211607;-46,334295;SPRF-DF;DEL02-DF;UOP03-DEL02-DF;;;
762835;04/04/2026;sábado;15:30:00;MG;116;816;ALEM PARAIBA;Condutor deixou de manter distância do veículo da frente;Colisão traseira;Com Vítimas Feridas;Pleno dia;Decrescente;Nublado;Simples;Reta;Ponte;Não;2;0;0;1;1;1;0;2;-21,871454;-42,66824;SPRF-MG;DEL07/MG;UOP01-DEL07-MG;;
762838;04/04/2026;sábado;16:30:00;SC;282;214;LAGES;Acessar a via sem observar a presença dos outros veículos;Colisão lateral sentido oposto;Sem Vítimas;Pleno dia;Decrescente;Céu Claro;Simples;Rotatória;Sim;4;0;0;0;0;4;0;2;-27,79061903;-50,2740783;SPRF-SC;DEL05/SC;UOP01-DEL05-SC;;;
762847;04/04/2026;sábado;17:20:00;MT;364;270;JACIARA;Acessar a via sem observar a presença dos outros veículos;Colisão transversal;Com Vítimas Feridas;Plena Noite;Crescente;Chuva;Dupla;Interseção de Vias;Não;3;0;1;0;1;1;0;3;-15,96906534;-54,94286299;SPRF-MT;DEL05/MT;UOP02-DEL05-MT;;;
762862;04/04/2026;sábado;19:15:00;PR;476;170;CONTENDA;Acessar a via sem observar a presença dos outros veículos;Colisão traseira;Com Vítimas Feridas;Plena Noite;Decrescente;Nublado;Simples;Curva;Não;2;0;0;1;1;1;0;2;-25,668127;-49,504459;SPRF-PR;DEL01/PR;UOP06-DEL01-PR;;;
762864;04/04/2026;sábado;17:30:00;RO;364;157;PIMENTA BUENO;Ausência de reação do condutor;Colisão traseira;Com Vítimas Feridas;Anoitecer;Decrescente;Chuva;Simples;Reta;Declive;Não;3;0;2;0;2;1;0;2;-11,93438035;-60,95985568;SPRF-RO;DEL02-RO;UOP02-DEL02-RO;;
762876;04/04/2026;sábado;20:40:00;ES;101;211;IBIRACU;Entrada inopinada do pedestre;Atropelamento de Pedestre;Com Vítimas Fatais;Plena Noite;Crescente;Nublado;Simples;Declive;Não;2;1;0;0;0;0;0;2;-19,808457;-40,367402;SPRF-ES;DEL02-ES;UOP01-DEL02-ES;;;
762879;04/04/2026;sábado;20:00:00;SE;101;24;MURIBECA;Transitar no Acostamento;Atropelamento de Pedestre;Com Vítimas Feridas;Plena Noite;Decrescente;Céu Claro;Dupla;Reta;Não;4;0;0;1;1;1;0;3;-10,39436097;-36,9174555;SPRF-SE;DEL02-SE;UOP02-DEL02-SE;;;
762886;04/04/2026;sábado;15:50:00;BA;116;642,7;JAGUAQUARA;Condutor Dormindo;Saída de leito carroçável;Com Vítimas Feridas;Pleno dia;Crescente;Céu Claro;Simples;Reta;Declive;Não;2;0;1;0;1;0;0;2;-13,59843;-40,08587;SPRF-BA;DEL03/BA;UOP01-DEL03-BA;;
762897;04/04/2026;sábado;21:10:00;TO;153;636;ALIANCA DO TOCANTINS;Ausência de reação do condutor;Colisão traseira;Com Vítimas Feridas;Plena Noite;Crescente;Céu Claro;Simples;Aclive;Reta;Não;4;0;2;0;2;1;0;3;-11,4193;-48,982;SPRF-TO;DEL01-TO;UOP02-DEL01-TO;;
762910;04/04/2026;sábado;20:29:00;MA;10;329;ACAILANDIA;Reação tardia ou ineficiente do condutor;Colisão traseira;Com Vítimas Fatais;Plena Noite;Decrescente;Céu Claro;Simples;Aclive;Não;3;1;0;1;1;0;0;2;-4,866763;-47,515478;SPRF-MA;DEL04-MA;UOP03-DEL04-MA;;;
762911;04/04/2026;sábado;20:30:00;RS;116;35;VACARIA;Ingestão de álcool pelo condutor;Colisão traseira;Sem Vítimas;Plena Noite;Crescente;Céu Claro;Simples;Reta;Não;2;0;0;0;0;2;0;2;-28,51264228;-50,88935852;SPRF-RS;DEL05/RS;UOP03-DEL05-RS;;;
762914;04/04/2026;sábado;22:15:00;AL;101;171;TEOTONIO VILELA;Condutor Dormindo;Saída de leito carroçável;Com Vítimas Feridas;Plena Noite;Crescente;Céu Claro;Dupla;Reta;Não;2;0;1;0;1;0;0;2;-9,90948592;-36,3207525;SPRF-AL;DEL02-AL;UOP02-DEL02-AL;;;
762918;04/04/2026;sábado;23:10:00;RJ;116;107,7;GUAPIMIRIM;Pedestre andava na pista;Atropelamento de Pedestre;Com Vítimas Fatais;Plena Noite;Crescente;Céu Claro;Simples;Reta;Sim;2;1;0;0;0;0;0;2;-22,53080214;-42,99590397;SPRF-RJ;DEL04/RJ;UOP01-DEL04-RJ;;;
762920;04/04/2026;sábado;20:35:00;MA;10;195;RIBAMAR FIQUENE;Demais Fenômenos da natureza;Colisão com objeto;Com Vítimas Feridas;Plena Noite;Decrescente;Chuva;Simples;Reta;Não;1;0;0;1;1;0;0;1;-6,005015;-47,383088;SPRF-MA;DEL04-MA;UOP02-DEL04-MA;;;
762935;05/04/2026;domingo;01:10:00;MG;251;484,9;FRANCISCO SA;Condutor Dormindo;Colisão frontal;Com Vítimas Feridas;Plena Noite;Decrescente;Céu Claro;Simples;Reta;Não;7;0;2;0;2;4;0;3;-16,493249;-43,52067;SPRF-MG;DEL12/MG;UOP01-DEL12-MG;;;
762936;05/04/2026;domingo;01:45:00;SP;381;51;ATIBAIA;Acesso irregular;Atropelamento de Pedestre;Com Vítimas Feridas;Plena Noite;Crescente;Céu Claro;Múltipla;Reta;Não;3;0;1;0;1;1;0;3;-23,22329649;-46,59669542;SPRF-SP;DEL03/SP;UOP01-DEL03-SP;;;
762937;05/04/2026;domingo;01:00:00;AP;156;450;TARTARUGALZINHO;Animais na Pista;Atropelamento de Animal;Sem Vítimas;Plena Noite;Crescente;Nublado;Simples;Reta;Não;1;0;0;0;0;1;0;1;1,346539;-50,922862;SPRF-AP;DEL01-AP;UOP02-DEL01-AP;;;
762941;05/04/2026;domingo;02:10:00;RJ;101;67;CAMPOS DOS GOYTACAZES;Ausência de reação do condutor;Queda de ocupante de veículo;Com Vítimas Feridas;Plena Noite;Crescente;Céu Claro;Simples;Reta;Não;4;0;0;1;1;2;0;2;-21,77212;-41,357665;SPRF-RJ;DEL08/RJ;UOP02-DEL08-RJ;;;
762943;05/04/2026;domingo;02:20:00;PR;376;681;GUARATUBA;Manobra de mudança de faixa;Colisão lateral mesmo sentido;Com Vítimas Feridas;Plena Noite;Crescente;Nublado;Dupla;Reta;Não;3;0;1;0;1;1;0;3;-25,9727344;-48,8910025;SPRF-PR;DEL01/PR;UOP04-DEL01-PR;;;
762958;05/04/2026;domingo;06:15:00;PR;116;34;CAMPINA GRANDE DO SUL;Reação tardia ou ineficiente do condutor;Colisão traseira;Com Vítimas Feridas;Amanhecer;Decrescente;Nublado;Dupla;Declive;Curva;Não;2;0;1;0;1;1;0;2;-25,11581;-48,853093;SPRF-PR;DEL01/PR;UOP02-DEL01-PR;;
762970;05/04/2026;domingo;05:40:00;TO;153;775;ALVORADA;Ausência de reação do condutor;Colisão lateral sentido oposto;Com Vítimas Feridas;Amanhecer;Crescente;Céu Claro;Simples;Reta;Não;4;0;1;0;1;2;0;3;-12,5953;-49,0737;SPRF-TO;DEL01-TO;UOP02-DEL01-TO;;;
762977;26/03/2026;quinta-feira;13:00:00;BA;116;495,8;RAFAEL JAMBEIRO;Transitar na contramão;Colisão frontal;Com Vítimas Feridas;Pleno dia;Crescente;Céu Claro;Simples;Aclive;Sim;7;0;5;0;5;1;0;3;-12,5830849;-39,52154014;SPRF-BA;DEL02/BA;UOP01-DEL02-BA;;;
762980;05/04/2026;domingo;08:50:00;SP;153;81;BADY BASSITT;Ingestão de álcool pelo condutor;Colisão lateral mesmo sentido;Sem Vítimas;Pleno dia;Decrescente;Céu Claro;Dupla;Reta;Não;3;0;0;0;0;2;0;4;-20,910012;-49,483105;SPRF-SP;DEL09/SP;UOP01-DEL09-SP;;;
762984;05/04/2026;domingo;09:00:00;MG;364;30;FRUTAL;Suicídio (presumido);Colisão frontal;Com Vítimas Fatais;Pleno dia;Crescente;Céu Claro;Simples;Reta;Não;5;1;1;0;1;2;0;4;-20,016019;-48,913868;SPRF-MG;DEL13/MG;UOP02-DEL13-MG;;;
762987;05/04/2026;domingo;10:10:00;MG;40;806,4;MATIAS BARBOSA;Manobra de mudança de faixa;Colisão lateral mesmo sentido;Com Vítimas Feridas;Pleno dia;Crescente;Céu Claro;Dupla;Declive;Reta;Não;4;0;0;1;1;1;0;3;-21,856506;-43,377646;SPRF-MG;DEL05/MG;UOP01-DEL05-MG;;
762989;04/04/2026;sábado;16:30:00;PB;230;169;CAMPINA GRANDE;Avarias e/ou desgaste excessivo no pneu;Saída de leito carroçável;Com Vítimas Feridas;Pleno dia;Decrescente;Céu Claro;Simples;Reta;Declive;Não;1;0;1;0;1;0;0;1;-7,185908;-35,972577;SPRF-PB;DEL02-PB;UOP02-DEL02-PB;;
762994;05/04/2026;domingo;10:30:00;PI;316;47;LAGOA DO PIAUI;Ausência de reação do condutor;Colisão frontal;Com Vítimas Feridas;Pleno dia;Crescente;Céu Claro;Simples;Reta;Não;4;0;1;0;1;3;0;2;-5,47332;-42,63693;SPRF-PI;DEL01-PI;UOP02-DEL01-PI;;;
762996;05/04/2026;domingo;12:00:00;ES;101;186,2;ARACRUZ;Transitar na contramão;Colisão frontal;Com Vítimas Feridas;Pleno dia;Crescente;Céu Claro;Simples;Reta;Declive;Não;3;0;0;1;1;1;0;6;-19,66582583;-40,25083563;SPRF-ES;DEL04-ES;UOP01-DEL04-ES;;
763002;05/04/2026;domingo;10:45:00;MG;262;482,9;MOEMA;Ultrapassagem Indevida;Colisão frontal;Com Vítimas Fatais;Pleno dia;Decrescente;Céu Claro;Simples;Reta;Não;3;2;0;0;0;1;0;2;-19,785655;-45,377709;SPRF-MG;DEL08/MG;UOP03-DEL08-MG;;;
763003;05/04/2026;domingo;10:35:00;SP;116;72,2;APARECIDA;Manobra de mudança de faixa;Colisão com objeto;Com Vítimas Fatais;Pleno dia;Crescente;Céu Claro;Múltipla;Reta;Aclive;Não;4;2;0;0;0;1;0;3;-22,86467;-45,23895;SPRF-SP;DEL08/SP;UOP01-DEL08-SP;;
763008;05/04/2026;domingo;10:30:00;RJ;356;49;ITAPERUNA;Avarias e/ou desgaste excessivo no pneu;Tombamento;Com Vítimas Feridas;Pleno dia;Decrescente;Céu Claro;Simples;Curva;Não;5;0;3;0;3;1;0;6;-21,252497;-41,78341;SPRF-RJ;DEL08/RJ;UOP03-DEL08-RJ;;;
763020;05/04/2026;domingo;12:25:00;RN;405;130,6;SAO FRANCISCO DO OESTE;Velocidade Incompatível;Saída de leito carroçável;Com Vítimas Feridas;Pleno dia;Decrescente;Nublado;Simples;Curva;Não;2;0;1;0;1;0;0;2;-5,96358067;-38,12737584;SPRF-RN;DEL04-RN;UOP02-DEL04-RN;;;
763042;05/04/2026;domingo;16:20:00;RS;116;147,4;CAXIAS DO SUL;Reação tardia ou ineficiente do condutor;Colisão traseira;Sem Vítimas;Pleno dia;Crescente;Garoa/Chuvisco;Dupla;Reta;Sim;4;0;0;0;0;4;0;2;-29,151628;-51,147432;SPRF-RS;DEL05/RS;UOP01-DEL05-RS;;;